# Pathway	ERR1857004_genefamilies_ko_Abundance	ERR1857005_genefamilies_ko_Abundance	ERR1857006_genefamilies_ko_Abundance	ERR1857007_genefamilies_ko_Abundance	ERR1857008_genefamilies_ko_Abundance	ERR1857009_genefamilies_ko_Abundance	ERR1857010_genefamilies_ko_Abundance	ERR1857011_genefamilies_ko_Abundance	ERR1857012_genefamilies_ko_Abundance	ERR1857013_genefamilies_ko_Abundance	ERR1857014_genefamilies_ko_Abundance	ERR1857015_genefamilies_ko_Abundance	ERR1857016_genefamilies_ko_Abundance	ERR1857017_genefamilies_ko_Abundance	ERR1857018_genefamilies_ko_Abundance	ERR1857019_genefamilies_ko_Abundance	ERR1857020_genefamilies_ko_Abundance	ERR1857021_genefamilies_ko_Abundance	ERR1857022_genefamilies_ko_Abundance	ERR1857023_genefamilies_ko_Abundance	ERR1857024_genefamilies_ko_Abundance	ERR1857025_genefamilies_ko_Abundance	ERR1857026_genefamilies_ko_Abundance	ERR1857027_genefamilies_ko_Abundance	ERR1857028_genefamilies_ko_Abundance	ERR1857029_genefamilies_ko_Abundance	ERR1857030_genefamilies_ko_Abundance	ERR1857031_genefamilies_ko_Abundance	ERR1857032_genefamilies_ko_Abundance	ERR1857033_genefamilies_ko_Abundance	ERR1857034_genefamilies_ko_Abundance	ERR1857035_genefamilies_ko_Abundance	ERR1857036_genefamilies_ko_Abundance	ERR1857037_genefamilies_ko_Abundance	ERR1857038_genefamilies_ko_Abundance	ERR1857039_genefamilies_ko_Abundance	ERR1857040_genefamilies_ko_Abundance	ERR1857041_genefamilies_ko_Abundance	ERR1857042_genefamilies_ko_Abundance	ERR1857043_genefamilies_ko_Abundance	ERR1857044_genefamilies_ko_Abundance	ERR1857045_genefamilies_ko_Abundance	ERR1857046_genefamilies_ko_Abundance	ERR1857047_genefamilies_ko_Abundance	ERR1857048_genefamilies_ko_Abundance	ERR1857049_genefamilies_ko_Abundance	ERR1857050_genefamilies_ko_Abundance	ERR1857051_genefamilies_ko_Abundance	ERR1857052_genefamilies_ko_Abundance	ERR1857053_genefamilies_ko_Abundance	ERR1857054_genefamilies_ko_Abundance	ERR1857055_genefamilies_ko_Abundance	ERR1857056_genefamilies_ko_Abundance	ERR1857057_genefamilies_ko_Abundance	ERR1857058_genefamilies_ko_Abundance	ERR1857059_genefamilies_ko_Abundance	ERR1857060_genefamilies_ko_Abundance	ERR1857061_genefamilies_ko_Abundance	ERR1857062_genefamilies_ko_Abundance	ERR1857063_genefamilies_ko_Abundance	ERR1857064_genefamilies_ko_Abundance	ERR1857065_genefamilies_ko_Abundance	ERR1857066_genefamilies_ko_Abundance	ERR1857067_genefamilies_ko_Abundance	ERR1857068_genefamilies_ko_Abundance	ERR1857069_genefamilies_ko_Abundance	ERR1857070_genefamilies_ko_Abundance	ERR1857071_genefamilies_ko_Abundance	ERR1857072_genefamilies_ko_Abundance	ERR1857073_genefamilies_ko_Abundance	ERR1857074_genefamilies_ko_Abundance	ERR1857075_genefamilies_ko_Abundance	ERR1857076_genefamilies_ko_Abundance
UNMAPPED	105513.0650899784	238953.9377286092	66828.8868355152	113566.7483606482	128707.5029809112	218122.7798505145	113290.1386050186	127149.9717499155	122329.9265392421	429562.1197227752	164574.6718640228	116066.4067236603	228879.3990413438	184764.3832005232	170792.3828764667	150430.4463612003	120769.4558024970	234020.8259299591	105799.0662849327	118404.0432573786	191992.4374945275	149322.4384569507	188996.1675663587	249069.3819701887	152304.6982098821	354272.7621994655	147237.7402958552	140322.8018678053	184760.7781520290	164720.8735115201	197574.9282106808	196039.4229694383	194696.9632379019	254443.0205503082	111352.3772986229	138850.3717932760	167313.2250011620	258584.7191961562	128548.2820979482	243847.4298066455	151069.8650679937	188023.1391050497	101302.9759833654	237351.7227012395	220103.4991871019	203361.8929171640	185839.7790601906	211132.3005550360	180240.4700495154	158058.0774825760	239522.8733159230	165207.7802153072	177334.1973986808	249816.3611788887	247569.5462229940	233487.3914124303	273557.0692116204	304181.4557723656	310779.8315632488	56581.9302180316	254476.6889791331	222565.1954024085	158260.3997101467	186468.6273895345	241742.8655308578	182565.3815089787	90031.0776946968	140720.4521300214	179819.1019497575	458227.5427569565	234459.7797928118	273006.3562231408	238315.2515344943
UNINTEGRATED	527710.6479354916	1553706.9413900978	232951.0625534997	653625.7995705649	588503.0637336085	681375.7312611158	602776.5846017750	461233.4515438706	391442.8730379493	941917.1501690543	686142.3997445541	527453.7512269606	904500.5936491905	688185.3157122651	525345.2449918110	626015.9199992754	528181.4758954046	845973.6093104109	521136.7909759100	815791.7063013259	756971.0318055857	693600.8058917791	1182653.1825154212	1025325.3549421933	526903.7595467259	1087670.2799156255	581117.0970332014	593524.0417186070	880736.5812145337	454674.9884337186	858568.7740243194	912113.7599536723	844988.7365042602	777153.0187861135	490783.0451721185	565290.3883400310	779833.4897042400	1087005.6340372872	573212.3474104227	1246880.2328278353	785529.2086532353	566718.3165554830	391287.1857024999	782805.4412357636	737013.9683245458	653199.8937109625	728052.9278612412	814935.1149709902	532954.7568945156	692998.4313646491	585300.1497632542	749678.8668235081	810320.1109308992	742455.6206900598	668292.8712913922	1048531.9285791647	970531.4668654916	1381005.2962587290	1184980.0104377265	187394.8490385739	1039888.4022234136	897506.6502652800	596928.6231607631	778865.0207703821	907615.4858265674	645025.9060438153	367181.8298587751	534172.5354415034	650240.4463623372	1453037.1112026612	724252.0309529983	987689.7799955475	878199.5580125686
ko00010: Glycolysis / Gluconeogenesis	0	1053.7602522195	0	0	0	686.7069980762	0	0	0	0	0	0	0	0	0	624.8310802431	0	535.8994692393	0	135.0674910467	0	0	1509.6217866669	834.3702531018	0	793.8571243857	0	0	0	0	0	638.3988069403	1172.8777523165	571.4754967228	0	562.1490542379	960.8959186166	1281.0332510820	0	1497.9825457285	0	0	0	0	286.0471202305	0	0	481.0082767742	0	0	0	472.9900416349	0	0	326.9378391492	0	1179.8493893043	1893.5733995895	1148.7578442391	187.0006546415	985.4100578576	0	0	0	0	0	0	0	0	1141.3559962461	0	1048.5944127104	0
ko00020: Citrate cycle (TCA cycle)	0	994.4276760445	0	0	0	462.9939600851	0	0	0	530.3410205773	0	0	596.8087901633	418.6501979513	0	521.7368444803	0	469.2555700787	0	0	0	0	1130.8525009928	665.8104106805	0	441.7739629395	0	0	0	0	0	506.4206834613	0	386.0621440301	0	0	766.1416506494	0	0	1181.7922350085	0	0	0	0	131.8777413237	0	0	441.6577707901	0	0	0	387.8379363402	0	0	218.7725937735	0	0	1799.5341964959	1105.8249414375	135.6796293363	874.0677245258	0	0	0	0	0	0	0	0	812.8333442352	0	652.9949193528	0
ko00040: Pentose and glucuronate interconversions	0	0	0	0	0	0	0	0	0	0	0	0	0	0	270.7333891729	356.1434301193	0	279.2219597551	0	0	0	0	0	0	0	0	0	0	0	0	0	0	0	0	0	348.4644926215	568.1492230911	634.2894187055	328.1367964459	0	0	0	0	0	0	0	0	0	243.4313410610	0	0	0	0	0	0	0	0	0	0	0	0	0	0	0	0	282.9405421957	0	0	0	711.7385789826	0	0	0
ko00051: Fructose and mannose metabolism	156.4154096144	786.1960323233	174.9600303825	128.0223496287	544.6777553132	470.3910651220	588.4761338464	212.4844816524	186.9804319400	413.3403517218	437.2521217033	355.7983392126	450.9074256194	378.8020372889	368.9785640169	447.3279600216	554.2714495352	373.7653001834	564.3371483212	96.4112109437	600.3740003238	233.2606200398	990.8405225239	555.2559849247	429.0193155556	507.9017092266	232.8067982264	434.9825952938	608.0113636301	213.5975519990	755.5135962433	400.8444018620	739.9969499920	355.5313261418	437.5455550584	355.3377521184	601.9782718403	817.0587626352	374.7500743089	969.5937460822	232.0963885505	294.6537999735	313.6683883136	399.1671986457	158.6116123311	607.0404267016	657.1028969670	288.4655951413	397.7349752367	596.5653067061	268.3300490484	320.3538004219	219.1899918104	483.9796397751	210.2082798422	747.4069735299	867.5147928806	1147.9870312477	799.4474872862	117.9737822814	657.0998698769	522.1482192204	271.3661864930	580.6661250865	603.7099744581	367.2595854937	83.1190310854	317.3830380166	199.0180482797	855.9129686750	479.7016009920	560.4276510504	502.2980728504
ko00052: Galactose metabolism	205.5303085315	879.0365883207	239.5000513678	128.4911017974	529.8270938290	512.3318122155	681.0678381172	306.8918410054	245.3578265539	553.8317841738	457.8640850819	417.0390792213	704.1906736327	415.8249919889	438.2791579672	495.2021834310	576.9682058150	401.2231489934	546.3944787947	119.6859085327	586.6025172694	246.8333631626	0	559.7004382834	377.8283064517	669.3935388132	237.2483223410	433.6938610341	681.8939349350	217.5117312832	995.8913981800	519.2910148881	988.4299202931	473.2652148059	530.0099624091	385.2006614770	805.1415878287	849.0018627085	507.2450249593	982.2825218153	267.6517669834	370.0988196849	350.7160193809	611.9619299202	199.9837989761	714.0221134757	839.7933333691	321.6643176149	545.4552584653	652.5765864139	370.4121529898	427.0962466303	307.6886273743	486.0087944202	267.9809767485	855.8558627629	798.0613284929	1256.0005768112	740.5528628481	140.5780363259	726.9605819227	554.9588018805	362.6364626262	507.9131207393	570.9009515206	411.0847529562	115.4411664938	453.5129022832	210.6258877248	909.1064885183	594.7635579048	781.9702625608	550.6047669385
ko00061: Fatty acid biosynthesis	0	0	0	0	0	694.1377852924	0	0	0	0	0	0	614.6561571042	0	0	0	0	0	0	0	0	0	0	0	0	0	0	0	0	0	0	0	971.3375770965	0	0	0	0	908.5923275735	0	0	0	0	0	0	341.8254071357	824.4848418932	0	488.2781327118	0	0	0	408.3936252914	0	0	0	0	0	0	0	0	768.9782113981	679.9534238599	0	0	0	0	0	0	0	1016.8466090037	0	747.5602704368	0
ko00121: Secondary bile acid biosynthesis	42.4134768752	0	43.8635226297	23.5290928875	0	121.0344755295	256.3104512219	0	0	181.2764342487	0	0	88.0161475917	0	59.9932467053	174.4310528592	0	93.4039612467	139.7516822743	32.1615428079	108.4732166547	0	179.7829255387	126.2255337858	63.4467888748	0	0	0	166.8121628364	21.7284139417	397.6322827231	62.2928862724	212.9902488297	65.8336833063	118.0751076046	0	296.9833768471	310.0247507171	0	239.1085867197	60.7420171522	0	86.1136230267	0	20.8686950313	178.7840328346	0	80.5250402411	0	0	0	48.6848382280	0	90.2861778176	0	0	0	339.2843870689	237.8471528485	37.9290813567	164.1752111501	48.1699128550	0	0	107.3808703652	0	0	0	0	188.0125709077	0	0	126.2745008619
ko00190: Oxidative phosphorylation	115.5957360856	594.0642623540	137.2520572569	88.3213852682	396.5855375803	274.9703925395	452.9265784775	141.0310555633	129.9105017727	275.1165377935	281.4688516148	250.8290656075	356.5125855465	265.2641009893	271.8324235147	299.3262957896	393.2268283000	283.9262835668	383.5718080863	67.7222027646	380.0444742015	204.6904606401	597.3826855444	346.8038470662	270.6595067140	351.1648859820	148.7863003347	275.6136397487	405.3734696461	96.8896651258	604.8382370994	385.1663302548	528.7349666658	230.9530559622	358.7752424557	262.2767641000	467.7714364894	573.4007284977	295.6189868948	691.2353508875	168.3955675330	257.0626702394	184.7738233862	356.2508179957	93.0975501759	474.9895884246	422.1057577460	251.2897924289	257.5637162862	372.3357959300	192.4265537508	227.6017490974	121.5690374068	295.6828088413	126.4766620233	557.2650058278	648.3680522073	931.0974741721	632.3306635773	98.4550711418	465.1665100839	303.7310789344	213.9807806855	317.2502961314	397.9576644894	239.0120924659	59.8502131258	254.4842747763	128.3044180223	557.3916961806	290.8014768565	446.9438340880	295.2301818717
ko00240: Pyrimidine metabolism	0	1309.0303371686	0	0	0	763.5681735925	0	0	0	0	0	0	0	0	0	656.2431190696	0	0	0	0	0	0	0	760.5136836626	0	0	0	0	0	0	0	0	0	0	0	0	0	1333.6389615987	0	1567.5369120781	0	0	0	0	327.2337505147	0	0	557.7879224581	0	0	0	483.7009970726	0	0	0	0	0	2072.7475547810	1253.2694283367	205.1312728886	1006.2044331299	0	0	0	0	0	0	0	0	1238.2376464035	0	0	0
ko00250: Alanine, aspartate and glutamate metabolism	0	0	0	0	0	890.0474079310	0	0	0	0	0	0	0	0	0	767.8426991837	0	0	0	0	0	0	0	0	0	0	0	0	0	0	0	0	0	0	0	0	0	0	0	1886.1116281148	0	0	0	0	0	0	0	676.6339042708	0	0	0	590.6753727232	0	0	0	0	0	2379.8572686316	1589.8334607944	0	1197.3395219520	0	0	0	0	0	0	0	0	1464.6141487000	0	0	0
ko00290: Valine, leucine and isoleucine biosynthesis	655.0791409740	1991.6947309025	756.5635023069	650.3073508434	1675.7068906922	1807.9909524074	1659.3381644942	943.7210224703	669.7499707234	1519.4687153831	1572.3534824838	1325.1817053499	1613.7377500632	1212.4965347018	1112.3656333831	1052.9165305734	1755.3747794430	866.9891690515	1456.3186851651	773.7201142593	1702.6912004327	953.7446893439	2728.4180119727	1536.2606203503	1649.0317537497	1995.2335761797	999.8329605856	946.9898499334	1606.9805597431	744.3877289554	2109.2159685682	1741.5450856021	2062.0042071038	1194.4632782194	1706.4940454145	1203.0950209656	1751.3975308074	3005.4558135007	1396.3975999787	3041.6002649514	1055.5502110670	1066.8664464267	1015.4973729048	1852.1477335981	717.5394792675	1743.7354861064	2057.7842449380	1177.4575894279	1069.0865701214	1623.7630761325	761.1626389496	842.6473603341	896.3714340032	1355.4618042049	818.6727882971	1997.1619960333	2452.1226988343	4768.2169904381	2347.7782041775	357.8211300441	2664.6301576289	1584.3968079525	969.6374999475	1637.4147607286	2133.8591571157	995.7715694660	366.8819373444	1312.2894877728	847.7660221841	2026.1999124191	1603.9610344055	2935.4341138994	1749.3459987418
ko00340: Histidine metabolism	0	0	0	0	0	0	0	0	0	0	0	0	0	0	0	553.6423148451	0	457.8824004054	0	0	888.3535154899	0	0	0	701.8681025169	0	0	0	0	0	0	703.7203130631	0	0	0	0	1182.6321052495	1369.1499174434	0	0	0	0	0	0	0	0	0	0	0	0	0	0	0	598.7837291030	0	0	0	0	0	0	0	0	0	0	0	0	0	0	0	0	0	0	0
ko00350: Tyrosine metabolism	25.3438789190	0	34.3663470773	17.8331445285	80.7305279796	0	104.2298601502	51.3892527652	0	74.0276603150	71.7873103904	0	70.7938420539	45.5942076572	38.3411690899	69.1212894232	108.2236205512	51.8807373235	0	21.0857590437	0	0	0	0	0	86.7209324863	0	48.1859354334	85.9295561126	0	116.6699356841	109.0634925418	106.9473798392	51.2454050266	71.1762455720	62.7173941729	131.0383095801	0	66.2297696053	168.2543609381	0	51.2200239832	0	66.9356229707	42.5728627039	85.9753858048	89.2896992411	0	0	65.0848932505	0	59.9935399510	24.4345787350	60.6900816340	0	128.3742074104	130.1446779216	300.2137478425	126.8546560740	21.7911002669	117.8505519438	42.6357088784	34.0007977559	67.7083663574	82.1693518509	0	0	0	0	120.6305197320	0	148.5558268887	0
ko00430: Taurine and hypotaurine metabolism	95.4828285459	354.1010309097	157.4443030688	74.1368119749	322.3193503504	292.9759985186	347.3769614264	0	0	0	242.5917857818	0	233.5609127208	0	198.7633505355	236.1976102325	327.6377534534	198.9634730156	267.6252264139	76.1239043871	276.4657149181	135.5794321519	457.5939201017	189.3547387673	294.4100223066	0	97.1928921026	0	0	92.9088668841	0	403.2006055897	395.7940583175	149.5573331549	314.0760701310	0	458.6067847259	626.2322006447	246.6599426629	664.4262668467	97.3268622271	0	0	0	90.1206425499	345.9412795300	0	225.0416274368	233.9036670114	0	0	186.3262542755	0	0	87.1371767712	0	0	1056.7164131036	503.5467148619	63.0536635898	273.9263683446	272.9194491439	0	0	378.5379787469	0	0	164.1347506877	83.4886476545	382.2700537854	0	473.6225754306	234.2228088089
ko00440: Phosphonate and phosphinate metabolism	0	0	0	0	0	57.9031400988	0	0	0	0	0	0	84.1910014807	0	0	67.9817044297	0	50.9330660346	0	0	36.3042530113	0	109.2085042433	55.5039965952	0	0	23.1878179785	0	0	0	0	77.7752239896	97.3844940886	43.6199980781	0	0	138.7950033307	105.8506114283	0	138.2113402703	0	0	0	50.3228745001	19.6619606056	0	0	65.0278859475	0	0	0	102.3485620797	0	48.5305281620	17.1467882991	0	0	217.2719780510	109.2187478698	20.0505686902	109.1929783565	0	0	0	0	0	0	0	0	79.9485082161	0	72.3776930761	57.6587939623
ko00450: Selenocompound metabolism	185.3423801018	982.3736137532	236.4082996730	155.4310655924	631.9104799002	589.8409631952	658.3054531906	446.4902032857	264.3304980436	453.6181609904	613.4947480382	516.8462554435	640.8145515714	484.2988088334	466.0735822066	396.3848958369	564.7299620884	439.5071132950	629.3031817428	159.9137556672	678.0877268353	309.1434181500	1097.1993535919	627.3172801399	681.4145992451	777.8907511093	374.7900811995	419.0626211202	706.9716561293	305.0809806538	795.7638601572	849.6502701148	863.7186127124	541.9916360917	746.9893931569	532.6149190048	716.9789437079	1009.3719839315	537.3710936705	1128.0827599881	335.0976592133	431.5860535369	512.0477632025	716.5670077467	217.6675728373	725.6787643015	710.4877152112	398.0729367200	568.7717385377	643.3143652352	381.8990344268	341.5316542491	306.7264369468	657.5132155578	330.8753949856	771.4758809920	932.1341340269	1607.7990193435	927.4227692840	151.3216670488	770.6247439956	730.1077905890	366.2435299640	763.9547679155	948.2100510286	419.7550664562	117.5510087216	615.9633521514	283.8442620327	910.9484285733	643.6168764487	925.8375344375	726.9223563324
ko00470: D-Amino acid metabolism	136.1168799150	637.7417602214	153.6604464482	89.2006494363	375.4037583941	420.1797339959	439.3927593103	177.5508616238	164.7512762307	274.5050665826	361.1740957580	223.2638696502	365.1700419641	303.1428086807	236.9472133825	265.2218199071	331.4166450554	242.1013450773	406.1129162445	86.9000716934	340.6727887390	205.0864304847	416.8515960614	319.6568987511	243.4867351086	338.2192060850	177.0792222300	266.9628238559	309.2956456079	140.0272024699	540.4064961565	460.8575680356	601.4080135376	237.6314946470	367.6760125020	241.4952395777	559.1396275711	637.4401688024	300.5162131376	723.2729862472	204.5336461735	289.9977039385	217.7219360570	357.2505209386	141.7869987416	459.9327296355	326.7723769880	295.1206245178	313.8760500988	351.3553338612	198.3788352359	263.2586528529	175.2336852623	316.2105220940	138.5757286404	560.9515031739	569.9246336011	1124.7230701354	598.8690161358	119.0224619455	461.1100861311	331.6000717987	214.0992971460	455.9001979427	438.5861245307	252.4629372255	80.3989753826	265.4811702738	154.6998090514	612.2003341625	364.3103338363	603.3919616881	330.4716573528
ko00500: Starch and sucrose metabolism	134.1915081515	741.5815492597	183.7505706897	80.1064825841	304.7521008617	436.0402454122	455.0161149458	263.5867620957	241.5458378757	551.0882173139	283.2108596076	319.9760360338	624.4331958784	288.7594863705	359.9534488470	265.1628367706	465.9058792308	286.8808948622	367.9086357855	0	443.5682871305	176.3050697546	0	471.9377490212	214.2543696976	0	180.9750767478	283.2192200163	358.0413429831	145.9522363354	633.2377205609	0	0	353.5120197324	452.6962999578	0	0	619.8270927416	311.7827471823	628.9443974287	244.7330035787	293.7141100769	261.9577539240	673.2639088653	193.1799390648	461.1135672631	786.9239335841	368.8143380555	647.0686908372	436.5126148455	329.5983949887	382.3758263868	241.4816432322	360.4993231522	229.2445004880	554.4646044638	0	779.4192995458	636.1664973878	98.2111167209	484.5777190106	425.2051372767	263.3727304350	289.3266460669	426.0411501206	356.8353053246	100.0073374831	451.8831779747	171.0991229612	656.3859434718	531.0388974303	742.8375504460	459.7443479023
ko00511: Other glycan degradation	437.8633953843	1388.4494324116	404.5314358068	232.1908810815	1035.1170782738	366.6006830339	1603.5002193617	172.4610660254	240.2207086705	382.0560889003	825.9993182226	508.0976180697	547.9771258900	708.1360740229	599.2991058012	982.5236781334	1012.9988665141	599.6665165953	875.7441242523	133.4515441324	876.0717093169	422.5155026783	1047.5690320945	626.3649521054	239.4107780081	527.7083339024	218.4890377051	718.5326537763	1405.4567802407	132.0665275680	2303.9067609939	827.9976865833	1723.0857438304	468.0544365272	653.6827747830	802.8984296563	1775.6608776932	1503.2321525121	858.4100635212	1702.8610217958	313.3961386342	655.1582048393	432.0537126249	516.7306315267	99.6352502829	1144.4510303576	974.2970935654	345.3956616062	670.0394412705	956.0844652835	528.4604173900	462.8417958913	271.8503864195	565.4869204715	186.6738871814	1942.8170015137	1907.1733892923	2475.1620145884	1551.9278386063	215.5300811565	1260.0323274037	438.1775938987	595.4719738465	827.1523189134	675.1759485043	357.1468983040	171.0286668520	454.6737916692	252.5151342871	1425.9133064047	507.9325826583	732.7454739625	641.4853996285
ko00540: Lipopolysaccharide biosynthesis	142.4788428261	884.6836391474	0	0	0	262.4123608355	0	0	0	112.1384689302	0	0	110.3388503241	295.0440094011	0	398.1675205925	0	257.0710880707	0	0	421.0113334431	0	814.1340064799	362.6319167670	0	0	123.6932833410	0	0	56.5305372724	0	369.4782017404	0	130.2164535051	0	0	778.1143870114	834.1925858795	0	1020.5640717457	0	0	0	0	42.4972796650	0	0	311.8749874922	0	0	142.1854514888	339.2285618890	0	0	0	0	0	1729.9282664858	810.5890795180	112.0811114624	594.6131247281	0	0	0	478.2828764191	0	0	0	0	592.6441737621	0	288.4256751722	0
ko00542: O-Antigen repeat unit biosynthesis	0	0	0	0	0	0	0	0	0	0	0	0	0	0	0	0	0	0	0	0	0	0	0	0	0	0	0	0	0	0	0	0	0	0	0	0	0	0	0	24.8431751946	0	0	0	0	0	0	0	21.6472113706	0	0	0	0	0	0	0	0	0	0	0	0	0	0	0	0	0	0	0	0	0	0	0	0	0
ko00543: Exopolysaccharide biosynthesis	10.1083872928	140.9555388218	12.3862071791	5.9129695473	12.2984408155	33.9843734163	69.9789793507	32.9953979104	11.7865873625	40.0949640157	30.9792241336	29.6338323528	57.1730942928	25.7379336955	19.1195230596	48.0316069215	33.4852651708	34.9532062946	30.0743465636	9.0529363715	19.0638287650	16.4954475152	54.1914095293	21.0422749307	15.3429464125	24.7040983902	15.7968111001	23.6207316212	33.1209113631	8.7440197504	52.3119009467	32.8938567030	48.4933788107	29.3939920442	26.8675282654	27.6028403292	45.7678907475	59.4988527191	23.9782639231	75.3371030738	27.4355441831	27.1413845738	27.4735647018	95.4185364919	21.2023238204	48.3586283372	25.2277952559	62.7843117824	32.3196645157	25.1705519541	31.1478800402	52.6281635882	13.7743861448	30.7154049052	13.9223426684	63.5936537223	62.1976525162	79.9692708803	61.4520351813	10.2080127090	67.4248186016	28.1040739269	23.4346572580	46.3172193138	42.6543174865	19.3371272421	7.3193430159	51.5449378521	15.5460372676	44.9877944988	44.9591451777	70.9116079098	44.8429208864
ko00550: Peptidoglycan biosynthesis	0	1486.1007405876	0	0	0	938.8645048695	0	0	438.5795526583	0	795.4773011009	728.6793034807	1078.5669831978	712.3234295092	0	0	0	559.7220469379	0	0	0	0	0	0	0	0	0	0	0	0	0	0	0	0	0	0	0	1313.9103711127	0	1646.7426606364	0	0	0	1099.6284281434	381.9426344037	0	1211.3635535074	655.4444551338	814.1211153421	0	0	688.0097034265	0	0	408.1846302535	0	0	2166.4936728167	1361.6006921459	250.8818591156	1286.0174075748	846.5657633759	0	0	0	0	212.3537635135	0	391.7839438904	1438.0176361625	0	1561.4280497543	922.4236297474
ko00552: Teichoic acid biosynthesis	77.5998237999	352.2027638987	80.9492117560	46.9072664114	192.0377700508	280.0374118869	291.2363585259	102.5467378734	99.5855720745	223.7170716319	181.7716314465	144.1587133031	351.6914977747	194.9390831079	187.1504363093	162.7493309157	184.7600327581	121.3057967204	212.1547867568	41.0921303799	198.7280083751	108.5708279127	251.7370163684	173.6057027553	125.4001858303	121.3070526126	92.6363505053	125.1737952210	228.5277342837	60.0385317780	431.8119849278	248.0982314582	481.5235966694	137.3689865347	252.3836395269	162.4238924635	321.5743511268	350.0323679382	158.1610502545	440.4448442476	124.6446470279	136.9668432002	133.6077655735	309.2885441193	88.1866813114	294.1710532751	209.4282101188	158.2944699407	316.0393396056	227.3723420578	106.8611699657	201.1506554510	110.2350512609	226.9205960964	85.2034384744	315.4113799379	294.9809653074	796.9867970434	373.6703732976	81.7011430932	352.3996584684	176.2335503471	111.9477176891	200.5081658769	204.2047428164	133.4471832691	54.4903859984	234.6351181450	88.4921510606	356.5381477150	213.5950295743	413.6928947638	167.6762652784
ko00561: Glycerolipid metabolism	0	0	0	0	0	0	0	0	80.1532662578	0	0	0	204.6880201036	98.0735567054	0	0	0	71.6617146067	0	0	0	0	0	0	86.9139465499	0	0	0	0	0	0	0	0	0	0	0	0	0	0	0	0	0	0	0	0	0	0	0	0	0	0	0	0	0	0	0	0	0	0	40.0935860211	210.7329584079	0	0	0	0	0	0	0	0	0	0	0	0
ko00564: Glycerophospholipid metabolism	60.3462820515	455.7685100293	83.7637191732	43.5358568497	151.5723746632	174.9173504860	237.2264547575	85.7645734885	81.5554987179	204.0291775102	162.0798517437	110.0544269175	209.1418384294	153.9410073306	128.0510232312	155.7526267796	202.2763879309	128.4964305040	212.8039964015	38.0847568778	177.8966362868	91.0393385168	240.9476391596	178.3967359716	105.9562754030	198.7336731191	89.3844812530	138.7178519630	185.1912954727	76.2448932716	330.7485827127	215.8523718643	333.1952407380	139.2402612995	177.9005950575	120.6962586623	286.4610461754	276.6900376945	133.7185824110	320.1906137070	121.3878290942	153.7884547929	123.7807753178	235.7378007010	79.2133589280	230.0989377415	253.1877597455	167.8514826933	139.0726759843	183.0459844764	117.0545823304	181.8371808289	94.0735817663	152.7819692262	94.2842677710	315.7100458373	294.3957805024	524.2270030020	320.6600330690	59.8065090476	288.1186489771	159.9015229311	109.1956558278	201.6518483582	187.3733280623	116.9395646173	42.2509243602	152.5044094141	78.6884805273	314.0557073629	212.9132156700	261.7804683393	166.3990940433
ko00572: Arabinogalactan biosynthesis - Mycobacterium	0	0	0	0	0	0	0	0	0	19.6156270174	0	14.7492578913	0	0	0	0	0	0	0	0	0	0	0	0	0	0	0	0	0	0	0	0	0	0	0	0	0	0	0	0	0	8.1960578131	0	0	0	0	0	0	86.2848429038	9.9189163502	0	0	0	0	0	0	0	0	0	0	0	0	0	0	0	0	0	0	0	22.3472544852	0	437.7879435120	0
ko00590: Arachidonic acid metabolism	0	0	0	0	0	0	0	0	0	0	0	0	0	0	0	0	0	0	0	0	0	0	0	0	0	0	0	0	0	2.5133786814	0	0	0	2.4579561684	0	0	4.4167650505	0.2286257149	0	5.9543583551	0	0	0	0	3.0209805716	0	0	4.3842244335	0	0	0	15.7469664801	0	0	0	0	0	0	0	1.6842707158	12.2489535141	0	0	0	0	0	0	0	0	3.4895017654	0	2.4418980095	0
ko00620: Pyruvate metabolism	0	746.1466242923	0	0	0	461.7702852859	0	0	0	0	0	0	0	0	0	0	0	303.6338618947	0	0	0	0	0	378.8363119671	0	0	0	0	0	0	0	0	0	0	0	0	490.6651450660	0	0	742.7002775271	0	0	0	0	162.4212694069	0	0	347.3728549122	0	0	0	308.9331577272	0	0	0	0	0	1164.3415999725	627.0349610969	105.2528976090	558.8075455838	0	0	0	0	0	0	0	0	607.9071095594	0	0	0
ko00640: Propanoate metabolism	0	0	0	0	0	0	0	0	0	0	0	0	0	0	0	0	0	0	0	0	0	0	0	0	0	0	0	0	0	0	0	0	0	0	0	0	0	0	0	0	0	0	0	0	0	0	0	0	0	0	0	195.1671540637	0	0	0	0	0	0	0	0	0	0	0	0	0	0	0	0	0	0	0	0	0
ko00650: Butanoate metabolism	0	0	0	0	0	0	0	0	0	0	0	0	0	0	0	0	0	0	0	59.2464036502	0	0	0	0	0	0	0	0	0	0	0	0	0	0	288.7218123535	0	0	0	0	0	0	0	0	0	0	0	0	0	0	0	0	0	0	0	0	0	0	0	0	0	0	0	0	0	0	0	0	0	0	0	0	0	0
ko00710: Carbon fixation by Calvin cycle	0	1635.8870196823	0	0	0	1071.6750017756	0	0	0	0	1130.3161924340	0	0	970.3939227146	0	942.7777069336	0	810.5837154534	0	0	0	669.1391049740	2028.9747124178	1362.1678699889	952.4923499820	1128.7053477684	582.8747860028	0	0	0	0	894.5779843476	0	827.2083780976	0	0	1503.2565545139	1895.1703507164	0	2204.4654678331	0	0	0	1157.3215007785	448.4883382663	1669.9046361689	0	765.3802470575	759.8921997666	0	0	692.2617056971	0	0	533.8472342750	0	0	3155.1496081730	1905.8719978763	310.9435316034	1751.3837550315	0	0	0	1670.7413394538	0	0	877.8727024705	0	1670.2390654194	0	1351.1803015754	0
ko00730: Thiamine metabolism	0	1456.0080897166	0	0	0	0	0	0	0	0	0	0	0	0	0	0	0	577.4541328282	0	0	0	458.8593372159	0	690.3608665113	0	0	0	0	0	0	0	0	0	0	0	0	0	0	0	2067.1308576270	0	0	0	0	0	0	0	0	0	0	0	507.5803653297	0	0	286.1358488103	0	0	0	0	232.2078365852	0	0	0	0	1125.5326012345	0	0	0	279.2416308707	1417.1742323304	0	1223.3970283720	0
ko00740: Riboflavin metabolism	0	614.9044098809	0	0	0	0	0	0	0	0	0	0	0	0	0	332.4080459915	0	239.0178816512	0	0	0	0	656.8302149667	287.6813454846	0	0	0	0	0	0	0	0	0	322.1225748604	0	0	504.1351161972	707.7135256494	0	809.0594275188	0	0	0	0	116.4208799640	0	0	259.1151255698	0	0	0	215.2466124162	0	0	0	0	0	1089.8515447410	594.8836541119	85.6796256973	571.1098018137	0	0	0	0	0	0	0	0	637.5119310617	0	0	0
ko00770: Pantothenate and CoA biosynthesis	0	1578.3725081130	0	0	0	887.5658138324	0	0	0	982.1568526791	0	0	897.7868931234	641.1887617040	684.6258766131	784.1861927803	0	588.6707485813	0	0	1039.0866771175	0	1799.8626324109	826.2391320646	0	1035.4889926879	0	0	1012.1768778540	374.4978035109	0	920.2376893878	1436.4286431296	788.5737580152	1027.1283064814	0	1289.1395561922	1828.5818233869	823.3599732119	2052.9180334725	0	0	0	924.3517872765	456.7809104575	1138.2930192478	0	728.4436726797	816.1975887070	0	564.7165660022	562.9366624052	667.9312461508	0	407.8752943029	1389.4591996332	1635.0313664980	2895.7389783247	1496.1964555706	237.9905975692	1605.5606457792	879.1434463464	0	862.4557741496	1215.6725563583	0	0	727.6656152008	0	1406.6917456172	876.7611893410	1457.5424405762	942.7944138837
ko00780: Biotin metabolism	0	1485.4019091939	0	0	0	658.1403563235	0	0	0	0	837.5337669321	454.5069995091	884.4818639629	650.1327129435	0	703.1010216288	0	557.3636557588	0	0	680.3539878169	458.5614863644	919.4146018570	849.6877475787	0	734.7651643847	0	0	0	0	0	873.2761343377	1332.2256066669	588.3412684636	0	0	1131.7172216213	1329.7733209594	0	1536.8989614822	474.2214908776	0	0	953.9643363344	351.5435059372	1056.6885443778	0	642.7829373396	0	748.6272385945	0	568.2187388391	405.1748541969	0	371.4603850207	0	1431.1002231816	2412.7669658015	1365.0419924189	222.3939588162	1122.7328144514	656.6816872360	0	0	0	624.3872090149	151.9144874528	0	0	1145.7422398275	836.7078804147	1043.8507326293	693.8859532091
ko00790: Folate biosynthesis	144.5093732968	779.4589201202	163.6152989520	107.9243741393	529.2797034130	273.5728100571	662.6584988512	182.8032261174	0	0	0	300.0951028539	0	0	0	407.7212131542	495.2540977410	0	0	95.6303905140	445.9244538613	217.1779740923	842.8593733624	325.2031023514	0	0	145.8166512476	338.8831046224	584.5663830318	72.3787764311	780.0657238568	421.0660143514	658.3854054530	0	414.4719785687	0	711.1325594004	833.2116332698	0	916.7723797417	195.6420369619	0	188.0468812380	344.5331748739	134.2291510016	0	0	311.0006521969	0	498.4318349886	0	267.7854741326	137.6129533295	374.9422933156	0	786.5437108159	0	1300.5663901721	730.2846385603	110.6075997986	618.6293544543	0	225.8424894428	446.2228228356	513.1210597663	232.5705834451	0	0	0	0	311.8275253350	0	0
ko00830: Retinol metabolism	0	48.2012061814	0	0	0	21.4909774658	0	0	0	0.2815714003	1.5435481439	1.3097499198	1.0617399971	1.9245923051	5.9901214272	6.5877964325	7.1638105947	9.5251518336	0.3159476722	0	17.6022712361	0	0	7.0291199828	0	0	0	1.9024802678	0.2220651017	0	0	0	5.3174392185	0.8736442265	0	2.2081398912	0	0	1.0812990160	0	0	0	0	7.1193460030	0	4.4046033612	6.2365436143	20.8438207806	0	0	0.5449376109	0	0	0	0	14.9446270466	0.3953110958	5.4453550380	0.8535829191	0	0	3.4913552702	4.7083884627	10.0490569757	0	0.7068367443	0.5715904536	2.4242960999	0	3.2064485187	3.3952840907	27.6186565429	12.9776216023
ko00860: Porphyrin metabolism	77.9306582704	447.1142522959	84.3439595269	51.5099035554	253.7946195577	110.0656286346	359.8474874603	106.1498899843	83.6574037346	163.8721420849	213.5450646300	159.2104850828	267.4617102409	170.7926858383	170.1988447309	221.4979312336	252.2625992088	158.2542004053	232.5771175337	32.1493454799	206.0755948477	122.0795116684	337.6657248910	210.3820969211	91.5940217955	198.3393983006	109.2867615624	161.2123550893	277.0643609369	87.2772092481	449.1424364746	189.7668946859	333.6154657987	172.7110806488	265.0715330605	194.0235480052	293.7942457114	306.4718367962	185.9701634299	422.3517721650	160.7716702911	178.6674458458	157.5240960510	298.9948678729	59.0210317626	306.2091081316	282.7255978233	146.8539940216	145.1128133007	259.7643443811	152.0322965251	154.0230520332	108.3142666119	233.8044924278	93.4105192344	425.4801919560	496.2303008617	524.8839682208	365.1198471165	69.6495120071	377.0482248731	173.6194035096	151.1833138652	276.2844661107	221.8425272208	173.2718584556	36.7806115366	203.8400211576	81.3589170117	346.2625967655	193.6214988709	220.7744398263	205.2909263970
ko00900: Terpenoid backbone biosynthesis	0	0	0	0	0	0	0	0	0	0	0	0	0	0	0	0	0	0	0	0	0	0	0	0	0	0	0	0	0	0	0	0	0	0	0	0	0	0	0	0	0	0	0	0	0	0	0	0	0	0	0	0	0	0	129.0672384442	0	0	0	0	0	0	0	0	0	0	0	0	0	0	0	0	0	0
ko00910: Nitrogen metabolism	0	625.1480704626	0	0	0	247.6430712348	0	0	0	0	0	0	0	265.1048011170	0	250.0353914731	0	253.2488667836	0	0	431.6078002689	0	682.4089566460	456.8482611335	0	0	0	0	0	0	0	351.8065769680	0	299.5189713754	0	0	416.0461618412	496.7058502157	0	688.6973412674	0	0	0	0	128.2950195396	420.3533234062	0	257.4791668204	0	0	0	276.1032624099	0	371.0155433358	0	0	0	770.0335878986	567.4398463985	82.5848176861	430.8668579166	0	232.0742334575	0	0	0	0	0	0	590.1380065925	0	0	437.0299183593
ko00970: Aminoacyl-tRNA biosynthesis	440.3829996006	1637.9523692622	507.0797779664	348.7172976854	1417.0236583278	1559.2126081484	1362.7654083895	649.6303281205	586.9623349812	1089.3159480394	1455.7901295225	1125.1773951742	1219.4256876129	1242.7944401949	1119.4394439633	965.7887499505	1258.0618388206	852.9234636691	1500.4066852989	247.9485181364	1620.3850134758	707.0790237078	2646.7047756452	1543.9365633088	1266.9919550857	1219.8537101156	814.7148307220	1121.0650385913	1441.3297195805	769.0679276967	1898.7247835271	1219.2486680072	1819.6247061276	1064.2400046116	1398.8374586110	993.0204415941	1530.1885620328	2089.8163082451	928.2576690977	2564.4725721467	806.2495504396	911.1502072470	925.9959180993	1326.6782013426	622.0236270469	1891.9481733926	1595.0576846907	901.3146737976	954.1735995487	1531.7711842262	684.9567861338	786.4811078692	676.7506400438	1499.2650087029	708.3891676612	1719.7310235633	2324.8908663742	3305.6614847442	2104.6423333416	330.1143086458	1834.4407267773	1540.4198058682	847.3465578037	1868.9001768039	2042.1819475966	1031.0071408761	266.2078863059	1046.7594030288	667.8562874997	1975.3363729116	1410.4412558859	2260.6445628897	1623.0246800190
ko01040: Biosynthesis of unsaturated fatty acids	0.5266881638	55.0111537024	0	0	0	6.2297135447	0.8507744968	10.7009380761	1.8939687994	3.4413032590	1.6573162529	4.0204775037	0.8667860771	1.5297020371	0	3.0071757262	1.7411412645	5.1162823552	0	12.0036521893	5.4772475000	0	4.2942313210	7.4458691519	0	1.5862385482	1.0792605039	0	0.9252800639	1.0128142989	1.5456567967	4.8534088992	0	5.2521419604	10.9716644115	17.6139057310	3.5559040906	4.8017619399	0	11.9094141815	0	0	2.2004935984	1.8045385140	7.5241370886	0	5.7298811777	39.4668943130	2.7565288282	2.6303087209	0.9528753272	22.5106299140	1.6230486589	0	0	0.6453979661	10.2738824026	3.1448877275	1.4082937799	7.9582393651	37.2423404284	5.1697121770	0	0	1.6916259205	0	0	2.3965485642	0	10.8170087141	8.1285845493	92.3684814389	4.4025364027
ko01053: Biosynthesis of siderophore group nonribosomal peptides	0	197.0594425222	0	0	0	1.5847150590	0	0	0	10.5746641653	0	2.3235397292	0	0	0	10.3577779366	1.9185292587	9.0033197605	0	0	0	0	17.0743457370	6.6312561462	0	6.4836821547	0	11.2373701149	0	0	0	0	0	5.1358112069	0	0	0	0	0	25.6530595771	0	0	0	0	0	15.5215471827	1.5132767583	0	0	0	2.9885789535	47.2846986771	0	0	0.4092673100	6.6402980085	0	16.2707570098	4.6640769292	5.1762581095	0	3.3911164003	0	2.5553905282	0	0	0	1.3791649250	0	5.5977814736	0	0	1.5570594025
ko01100: Metabolic pathways	86.5819009449	434.7594132822	104.4033762043	64.9992254062	273.7453575143	228.6539822191	310.9197787032	116.0034255321	100.8603954505	213.0108813454	214.6459279567	189.9914964894	246.7718135182	188.0795885319	191.7645350808	207.1902579037	269.5360061322	172.0234312260	254.3637700570	58.6830606583	271.2731098907	132.0002398701	433.7647986292	237.5762075545	200.7475218604	248.4357819951	115.8992887898	193.2521528973	274.2465726286	82.3480148318	412.9475973871	243.4026496944	383.5156799243	181.7994979465	256.4046725345	189.1381980951	348.2436351840	422.9739383464	207.7209006926	503.4544770323	132.9427011519	183.9387395314	139.8646720459	254.8481465210	92.2961998495	322.9588352278	308.3282544637	187.0550507930	197.7820695295	278.3435865477	142.5645504564	173.3528818229	113.3653855910	229.6797359630	99.2952972360	384.8955370826	445.5352809759	696.6199249806	410.7826190099	65.2458771960	345.0903019769	227.9193976488	143.5289418143	243.2312262538	307.8869668146	170.3814099883	48.6756920413	190.5467542838	97.3363556169	391.0240221488	228.9371829798	353.0569046272	237.1329555706
ko01110: Biosynthesis of secondary metabolites	91.0787556213	428.8943256704	112.0645066387	69.6691282918	293.4230748848	246.9199249009	318.4359540868	124.0799884429	108.7171369916	230.8150073834	235.7579861382	208.0610692299	264.2146785702	201.2677134480	204.9419512773	213.6084140988	284.7358929208	181.9637963066	271.3807836233	72.3890473537	289.1120339010	143.8097374461	463.8068207316	255.1727362065	219.7662733858	268.2447009161	128.2080999454	203.4093581108	294.6278031042	93.4941052011	420.6997397236	256.9770367957	401.5175823531	196.4315561296	274.0923235957	198.3909060775	355.2951675815	452.1851689712	221.4595636703	527.1077907862	144.2791462255	196.2129653892	147.8116103043	273.2044570092	98.4451579030	334.5333459905	316.3171299209	195.6785345768	203.4310718787	297.6078818542	146.7761933139	171.2142125204	126.6254006626	249.2752421998	108.3581722049	410.2003180201	461.3688762464	740.6601575610	434.3485206275	65.1339309506	355.7125995813	243.9147263454	150.7803544664	261.6280574444	333.3507867629	184.4565640386	50.7049565054	202.6564934206	105.3070295575	405.9666393258	246.0200612920	379.2356694614	252.1634683610
ko01120: Microbial metabolism in diverse environments	71.6513155645	375.8131761015	86.8334130633	56.0804204642	228.6426376548	189.9460506047	246.7529833022	100.4419695209	85.1348566030	189.3736561688	181.4407204417	162.1636436012	217.5067289085	161.1569012281	170.5983425282	173.5627732159	222.8766652518	146.6586059567	214.4563183418	0	225.4838422681	116.4690480333	375.3735624900	214.3509590972	178.0907390065	210.7360844790	102.4220562461	164.9110622498	232.8042410683	77.0120722941	331.7058805683	202.9500311359	314.4005641860	160.0039213851	0	156.1709101313	273.5009157050	368.8124483215	176.9836538112	409.7355142576	117.8571429599	153.8349999543	119.4912015916	212.4174355369	79.9984270075	273.4407104218	257.2773974873	164.8723624813	161.9176553962	236.9626652881	125.9080556064	159.1278867201	97.1640338607	197.9927816845	91.5768748395	322.1370166605	344.3204005780	563.3720484891	340.7893581825	53.6161954926	289.1725186702	209.4304275348	124.1830746089	218.0471831810	266.8121410494	155.2214657817	40.6412620987	154.8129683551	85.6454535893	328.0589271343	201.9481043997	287.7587579840	204.5244444164
ko01230: Biosynthesis of amino acids	408.1162394916	1639.2091067530	511.3994658482	312.6459605381	1352.1764651894	1173.3364202804	1427.5100313206	566.2627243822	486.4439008529	1045.6458787395	1021.8985072606	986.1713606331	1182.0259269084	912.3968637236	940.5445647531	936.4214229924	1288.7167287808	789.0722376658	1237.8884399780	0	1371.1363189887	643.4562799515	2231.4413120902	1134.8289523958	1076.0087823651	1213.5965150452	584.0926316143	926.3960769448	1285.6102904774	407.9160808797	1827.4156428846	1159.4676864847	1806.9330193853	883.2487544397	1273.2249786464	898.2394516599	1543.3648646603	2142.7845035904	1002.8257453777	2423.2794572580	656.5459783034	883.3546533705	662.9209473805	1232.4179205297	461.2188158671	1532.4239043387	1396.0558379411	870.8162821926	848.5200163419	1369.1002876393	641.3498466563	685.5254606743	540.6903655757	1130.2994648106	461.3141345457	1778.7777903018	2036.7564516683	3395.3890516634	1937.3514248538	283.8688578322	1616.5941509740	1133.8332440362	668.7218968370	1209.8728476172	1552.4526792569	814.2801733769	218.8646016306	915.6430657650	472.9118451297	1829.9658535934	1106.5705142984	1834.8181697737	1150.1403924730
ko01232: Nucleotide metabolism	0	1247.5097194829	0	0	0	784.1737879267	0	0	0	0	0	0	0	0	0	0	0	0	0	0	0	0	0	649.8641271937	0	0	0	0	0	0	0	0	0	0	0	0	0	0	0	1581.8227792630	0	0	0	0	0	0	0	509.9792853471	0	0	0	466.9734708052	0	0	0	0	0	0	0	208.5783016098	1002.9122581657	0	0	0	0	0	0	0	0	0	0	0	0
ko01240: Biosynthesis of cofactors	0	0	0	0	0	0	0	0	241.8620671526	505.7869547243	591.5583283724	0	576.0509277964	490.8601114336	488.9229364577	0	0	424.4927103912	674.6513778199	0	0	0	0	0	511.8631354566	575.1948912653	0	0	0	0	0	0	0	473.9899343522	0	510.1841077231	0	0	531.1922731663	0	0	490.0620621362	0	0	0	848.6095372701	743.8651658942	0	513.5364055666	0	370.8302116807	0	0	0	240.1087682218	0	1238.9388061719	0	0	0	0	570.0133631732	0	0	0	0	126.5203837739	468.4034290790	263.8100215533	988.6897493212	0	848.9230424969	606.1142398003
ko01501: beta-Lactam resistance	41.5918567692	307.9340409597	69.0392183868	35.3355616547	171.3209092909	116.0431403375	209.1591725657	38.6623616637	41.9038574748	73.7487428730	117.4914209904	92.9706875590	112.6959652419	103.8893954719	97.1256685125	141.1960279847	141.0870851702	109.3819793018	125.1899251994	26.9760961237	145.5208813799	74.5728420907	242.0898065283	109.8406148294	130.9929667321	66.3004013653	54.8191287015	96.6050158698	145.4277338453	29.3945251568	261.6369858867	138.0840777291	198.1293317730	66.1731576694	136.4237590444	99.2687400044	228.1171729020	282.4306681982	122.5605810893	301.9032543726	60.4662755682	116.5390280333	70.5927891013	155.4939272900	38.1903178061	195.2916691727	110.1047662715	99.3790048140	140.9923500345	140.2259143310	67.5467925582	107.5656108019	49.0349797156	100.3855951569	38.1039023177	240.0526323066	254.5959707929	492.3412231494	249.8977174280	34.4604705994	186.3116971968	90.4828841528	65.8143120857	113.3217788827	156.1661518455	72.6683584522	25.6421540901	107.0742106765	42.3241832138	194.1128554284	100.5627872873	168.7173361399	110.0650343172
ko01502: Vancomycin resistance	0	1243.7584505491	0	0	797.8158082628	0	0	0	0	0	0	0	0	0	0	0	0	555.4589703706	0	0	850.2458416413	0	0	0	582.7636242833	0	0	0	751.1371336250	0	0	0	1246.5797724113	0	0	576.8698821482	0	0	0	0	0	0	0	0	0	0	1065.2808858141	0	0	0	459.3121220297	0	0	0	393.1303726404	1091.5218037093	1328.9471192924	0	0	0	0	0	0	780.0254749729	0	0	0	0	0	1282.8378700044	0	0	926.2723588553
ko01503: Cationic antimicrobial peptide (CAMP) resistance	66.3723643323	908.4099085574	101.0451809195	53.9293765537	288.7753836328	234.7563613326	404.6165948889	50.4531743475	70.5860289397	151.2929512350	216.7426930271	131.7883166208	187.5312313901	194.5146769856	152.4875314435	254.2913397258	309.7873655697	152.2141339627	239.9969425630	47.6611997072	172.6627499123	137.7160321250	299.7135460853	200.1024209554	135.0251352574	92.9437089145	76.1990555546	137.2753804794	266.8841617880	40.0495640335	465.6192725735	223.1232670431	355.0035951031	91.8561964270	247.1909480379	172.6997317743	420.2367323396	487.5330515049	183.0219632352	473.7551095623	95.6053568463	198.5342192040	126.0530599850	242.6925728078	84.0771451577	345.6333226073	194.5386198235	229.4427651846	180.6230942356	212.4898572797	142.8420687948	270.2195315466	74.6131320544	132.4252919620	56.3123907036	475.5781226442	447.0758683667	842.7031463861	408.6348046473	81.6879953171	396.8455967048	82.8002535296	116.0584290847	184.9106972317	211.7812292153	111.4400533230	50.3149063285	167.9894879043	73.1812944930	364.2288114576	176.6355733566	254.1378979643	147.5035758854
ko01524: Platinum drug resistance	0	72.8855184533	0.3210522907	0	0	0	0	10.6301323692	0.6148120589	13.2316809457	0	0	0.5383043953	0.1723106575	0	4.6836104568	3.1383060796	2.1740286953	0	0	0.3744245879	0	3.4354233434	10.3866831823	0	0	0	0	0	4.6501713039	0	0	0	6.9961014331	0	0	1.7277829838	0.8926125575	0	5.2718201246	3.7181203998	0.3522366365	1.1564936097	0	2.6905548282	2.4662261456	1.3935476392	13.3940459348	0	2.3180285799	2.6886581452	20.2894346015	1.2194840950	0	12.0349912250	0	0	3.1471940801	0.7141218054	3.8680575976	28.9641439966	1.3588257390	0	0	0	0	0	0.6356910489	0	5.3178527176	11.3076239356	8.0381908677	0
ko02010: ABC transporters	63.2184900366	502.0190357521	93.6558365556	41.2675611085	158.8948273068	232.3133163694	218.7681340829	147.0605636245	100.7047466168	238.4967461089	153.6817547150	139.9689765041	306.7995152924	136.5589842167	137.8352766196	119.7668109437	180.7504361956	143.4916977239	143.3060615134	55.2084024408	133.8616582122	79.4236054878	180.3939688539	146.1053937511	176.9314221392	231.6332026775	104.8512448538	106.8546184935	161.5559454222	61.2268545154	232.9822404898	297.7821602270	319.7490582882	165.2170873348	216.7226668702	114.5712805006	216.7958738405	356.5004294953	165.7488166133	330.4668697973	122.2382779170	127.7397800550	136.9121639755	361.0743986083	111.0006204075	208.8736308700	272.7213432510	213.0690894125	260.5783804434	163.1601488320	156.8462682720	202.0463087246	112.7532803918	159.6037790551	95.1901216775	238.8090369950	234.4019564574	565.8336848181	269.4484198128	53.1865687971	263.8785218632	162.9873522169	112.8221436484	146.6787877979	205.6539910950	133.4616075530	38.5985787733	244.1911909654	79.1508533167	269.6109924952	221.9911086839	359.3673601050	209.3602553320
ko02020: Two-component system	45.6925166984	367.9727426413	58.2318738278	27.6970630333	113.1204917028	118.3731566462	177.0872225847	80.3385711396	58.6247354057	155.4378055145	109.5746283188	95.6729620435	210.7462756502	93.0923539159	113.0539918511	97.9802219721	133.5546451725	96.0245299486	110.6117036130	29.0807134955	100.9603961684	68.9525298434	149.9458202136	116.9420586711	78.3544180059	167.3225353102	69.1927116686	94.2805460027	137.7865166408	45.6356014173	216.1578039308	148.2926578623	243.4367323139	116.7318254620	156.0827945500	81.5962790014	162.5035859523	208.2156034514	113.6901098127	228.2970558277	91.0951717917	89.8894492825	93.5074184823	235.0634345257	58.3755373889	150.8238688250	233.9984610585	149.9319833516	149.8700825111	134.4437914189	109.2780517100	141.3558411983	82.2876539676	126.1662873321	64.5685307075	190.1539003029	211.4591718818	324.2299357850	207.8492968749	45.0357347453	242.6255019269	119.9412448971	86.6375837889	113.6352625485	142.1806341755	99.9532902552	26.8559462149	171.9252096476	53.4945235453	184.3974160901	151.6758286958	156.6734387146	146.9851527322
ko02024: Quorum sensing	78.5958249683	470.0711890123	94.1453086782	49.4665101507	171.4771487350	280.8736584550	222.4081676250	156.8694504524	133.3495237282	233.5598885434	202.5899604130	177.8040469171	322.8671722459	180.2738241788	187.2924138624	140.2195297425	219.4985916650	174.9093678645	164.4994522431	62.7300502119	180.1910987449	107.4996131123	223.1882518532	225.5921530795	156.5688157470	320.9665224012	127.4796632861	144.4996275759	215.3315920178	91.6665256897	336.0588340374	305.4822013609	336.5718272404	216.5602106611	271.7798132797	154.5649795329	213.6478016928	351.7802192172	188.8291781451	332.8305789281	139.5028184348	164.6026457010	141.8100495586	328.2205307628	139.5569188445	232.5284488824	374.9814821666	189.5907282408	297.4803683057	217.7276246748	167.0244317027	207.0761420204	149.7147433596	213.7526292175	121.8442750379	284.2811117869	322.5971736035	501.2339166108	294.9999524833	58.1154763096	298.3338628143	263.6313182402	157.4711982207	219.6329654002	268.4544154705	192.0776282341	51.0242150447	242.5664964516	112.2292587702	316.8003368081	268.1305121808	430.5310073042	281.4904479382
ko02025: Biofilm formation - Pseudomonas aeruginosa	18.7443807467	144.5950001350	29.6463760731	12.1248239196	54.3873515814	39.2433150476	113.2255702281	39.1494723762	15.4052125982	80.9026701331	62.3952348567	45.8022881695	85.8750142574	37.9327323831	66.2038729172	47.0747445448	55.5357586353	41.4879187431	58.0531436414	0	34.9928598238	44.0267548187	49.8497022420	39.7881023166	44.6626957817	19.6157817405	43.9433738452	30.5069750271	44.2398264095	28.3278908531	93.4228003031	73.6757265655	114.5153457088	52.2605487037	103.7036525634	0	57.6206099021	100.4408562083	38.1917921490	118.5337798784	80.5217110530	38.9148042654	58.1952091962	139.0017620275	23.4274206967	90.3877306310	81.4428267274	60.7070147542	70.3073904367	50.3435775431	32.7644155040	46.4998923550	45.9483487388	63.2134428981	25.3295567603	96.2175884950	87.9977976762	190.0317631059	105.8425639989	25.6026003633	143.3050738393	44.0255346128	23.4918573416	85.9867383089	58.2700885899	29.7068897143	7.0080105669	93.0988120297	21.2578969171	53.9197076777	73.5744500604	40.3241522460	58.9693980563
ko02026: Biofilm formation - Escherichia coli	51.4328794727	745.2925658039	52.2607639794	21.8120299914	72.2219589600	195.6095135317	194.2627331932	96.0014151167	72.0572454619	301.1788433713	107.6241237107	104.7231659885	254.1159430643	121.6990665346	133.5063803842	140.7884494761	123.9259592944	102.6531971661	64.6264364413	0	82.3755113458	65.3679578018	117.3242427649	113.8303798935	44.6624961185	147.1087565511	79.5840259606	69.6115112649	150.7339584590	72.5449552996	269.0323881781	185.2230157387	290.7953863391	151.9707952354	0	77.9589290254	142.1940585095	185.2156642942	71.8783067895	204.3247443710	150.3457276950	99.4808346884	123.4921548641	292.4964998476	129.3197043617	162.4997732427	271.3779385727	246.9873704421	145.0844981704	158.0728470937	94.1226613660	265.6522401566	111.7473505522	149.8817342669	99.0359765855	177.6761114140	187.1661661438	311.6644207303	180.5607607702	92.3347269055	434.9282333057	134.5165779889	77.8796285530	142.5193389584	103.0762707289	96.9075621949	24.8963482591	200.8324545236	55.6283267634	190.0808139894	237.1373328202	247.7005345117	161.4190584219
ko02030: Bacterial chemotaxis	53.5163670927	503.2369187582	114.9400524144	36.8545568869	149.1232166263	91.4951554082	535.0174997983	114.0446411646	65.5505687787	585.1514706973	247.7078450179	189.1375181382	841.2810576982	190.6611808322	238.3567892870	126.0330474517	190.2902524520	142.2033848681	261.3356739761	0	90.6179724040	156.6124289352	133.9950313107	231.1839498527	169.2499018951	149.8213967654	237.4880987387	140.2789192571	101.7290795906	116.4130867195	212.5436657698	342.1797049818	806.8207011676	190.5966070820	382.6930167508	109.2876160964	125.3038209815	250.9728655719	127.3504714046	383.7122879358	473.0786319736	213.3264131364	511.8250076939	1402.1334115737	64.2689637597	316.0521964557	409.7005500730	350.4560464218	138.2565557771	173.0637199922	253.4858687103	190.3830385529	231.6742791777	332.1771393103	199.2499325769	292.7234405061	322.2222844510	248.3560839319	396.9540494400	93.4298914627	404.2651985094	169.3756193747	95.9098874694	381.7168365640	174.4573933712	195.6446509806	40.2552503685	946.0094973951	123.7147911232	177.4725423407	552.0527631203	146.8344959652	283.9328184575
ko02040: Flagellar assembly	44.8682352961	701.6644868633	80.1570091440	38.9427103880	103.8186101113	137.5301028001	286.6826889886	80.7676543037	37.6485240703	544.1399478034	154.4714171558	166.4374145395	371.6026780526	126.5621771641	180.9900344226	121.3097933180	148.1701148954	119.0755767352	124.5918381676	34.4587316385	93.1426434955	101.0521961953	128.8861648025	150.6673896133	128.7439362475	93.4825732033	130.0292125416	92.8145129903	82.3192117604	83.2110033256	214.0360507979	261.4638675977	472.2921190619	149.9826212926	239.2042681252	74.1670092004	124.3339011498	281.9957169106	137.1586297057	295.4541213095	273.2789520184	88.1399916560	231.4247222676	627.4722586304	95.8442548682	219.9907210997	298.3796544365	220.7109578398	212.5728333633	186.9411947435	144.6651677844	221.3294942515	213.1647624117	206.0989710050	177.5406561966	229.3608325366	256.5270507927	414.8718114000	273.5875636067	87.2844766815	410.0077899434	157.9772550178	64.0217813477	244.3001699969	141.5247979845	88.1425741582	24.7481584893	420.3854483258	74.6988619330	129.2521850448	385.4068249797	143.5839000956	182.5151879484
ko02060: Phosphotransferase system (PTS)	45.1763552229	647.3912786072	75.0863144498	30.8503732583	59.5935907098	380.5946923419	85.4121982614	302.5367030522	162.1587230442	290.3435186761	88.1264462327	90.5095710869	499.0625109294	82.4219831427	135.3216480113	137.1290494223	282.7062845621	156.7206960524	59.7353342413	94.5351141319	78.2284272345	28.2408562490	143.4240971981	129.4616898002	145.6165246100	498.9782250989	68.5512707540	52.3850384084	83.8101786949	45.5083904686	129.3415535057	196.6646515898	319.2111913898	279.6257850839	254.4013320819	96.3671506976	102.0892552569	445.4598470995	179.9641495448	195.0257758039	112.9531879514	75.4199288329	103.6890784493	239.7402539792	191.2817225516	225.3911154511	553.7688337334	199.4143052556	734.7522478742	169.9840663375	170.8119698002	376.5367317603	188.3389457305	225.2481578722	111.7779376200	118.1549118584	114.7626948117	354.3526963483	173.7523666711	69.8610789809	328.4961064528	222.7358405502	90.8330673449	119.5444445227	226.6201639689	184.6428736269	48.1855872897	172.3038186947	76.5666783056	437.5098427601	220.8865144889	515.2781781776	282.4183984209
ko03008: Ribosome biogenesis in eukaryotes	16.1765388765	87.3580263608	18.2885581516	8.3365639233	39.7088601105	52.7656587942	64.2051508710	16.8690280094	15.1343168603	47.9823939649	36.0555527842	30.4044410761	25.1933017760	25.0290897104	25.6709114844	38.9720464093	49.1948902355	19.9343237956	35.8667319719	16.2049031059	30.3872782064	19.6576761183	55.8497135787	21.4642765660	22.9362653674	40.0498001179	15.0015130211	22.8717009086	44.5024188340	13.2638166912	75.5230621430	45.4317493184	64.4438205571	45.1468321696	54.4751072541	46.4364138649	76.7580888878	89.4138078129	37.9667597835	108.8971603609	20.2741814187	17.2507303873	27.8425825868	34.2261758035	18.1899366018	46.0605532793	64.1113044425	26.5950035130	41.9129405221	42.7300455807	28.3860812309	20.1107066049	30.8027579398	37.7335238675	21.4416454044	75.9642320600	76.0484914593	144.3744681554	60.2503337384	12.6626928865	54.4883066806	37.0811081895	20.7812580042	31.0302223504	37.2841457406	16.3135462136	7.5470134440	38.4833228580	12.8004088440	63.5078706879	37.5225511087	133.8658788402	38.6985940881
ko03010: Ribosome	1278.8345517104	3673.7992426346	1200.4672777466	1482.2562417192	3607.2323414960	3017.7617986830	2850.7281151404	1802.3617579233	1482.0543418906	2514.2450776910	3561.8416439253	3044.9347757476	3215.9808751682	3135.1793756788	2930.5753464271	2640.9871110287	2809.2763456985	2454.2278621775	3396.1553944818	1554.8539394184	3602.7457281226	2089.2233566766	7040.9618728947	3558.9860284991	2836.3353645900	3392.4677653560	2199.9070950725	2722.9616674582	4157.6445420105	2166.0259495476	4366.2340459214	3105.4366620983	4014.5910692906	2731.3725531233	3156.4232773521	2503.1617943654	3393.8928595959	5037.4619689764	2659.0568974710	5502.0938537774	2360.2607925448	2356.9151310924	2142.0760470077	3074.0700857311	1762.9935862378	4234.6613224264	3130.0073226020	2077.5978474444	2509.5347673509	3802.5893930447	1852.8693067605	1620.8719610472	2119.4025052192	4142.5673404946	1857.1634934777	4344.2021627795	5654.7740922779	6559.0153364850	4776.5468494991	744.9297732717	4167.4307101637	4546.5091387273	2689.0049437141	4538.6319984890	5129.9151933123	2637.2214292863	911.5924035069	2466.8366495278	2160.2654574902	4337.2258897482	3312.6476147422	4383.2818761200	3975.6141790185
ko03015: mRNA surveillance pathway	0	0	0	0	0	0	0	0	0	5.6884482767	0.1824674505	0	0	0	0	0	0	0	0	0	0	0	0	0.3703854129	0	6.8721240530	0	0	0	0.6855496032	0	0	0	2.7294975254	0	0	0	0	0	0	0	0	0.4553374740	0	0	0	0	0.2333601576	5.7451076729	0	0	0	0	0	4.6351684355	0	0	0	0	0	0	0	0	0	0	0	0	2.2150021736	0	5.6749653074	0	12.6692435874	0
ko03018: RNA degradation	183.8612444856	777.6976693776	244.8920161868	160.4618018353	734.6772713577	524.8030931631	707.9525601962	216.9248166768	199.9585242661	406.6981204714	584.7589095108	517.8292561814	439.4925689852	497.6892854407	474.7563085876	574.5777024544	643.7343650888	403.7612821265	699.9574209119	92.8219091835	742.4905356750	340.1137411125	1244.1728833793	687.9644551237	568.6050595952	490.2194996149	328.2096765413	495.3103561106	738.5134930892	273.9850954984	922.7604727230	565.0459536247	724.1653276123	410.1468423597	606.1620944892	461.8119171887	762.4563730529	1000.4436439878	475.6003045476	1231.7767724031	345.1908124930	411.4934875931	367.5212851217	519.3328352479	188.8693451604	823.3262472869	637.3896712218	361.9701284056	369.6123204814	711.3316216577	339.6384151683	271.9044067752	245.8512637547	618.4555606137	250.7101714379	986.6458506473	1172.7063934166	1540.6513332441	999.6639065801	143.0075997310	804.8131733003	627.7082710062	376.7627261480	776.2321145764	781.3289941177	414.7824386631	97.3634138254	393.4778144523	264.3861947717	782.8882560279	510.7221385895	712.1366598205	560.5198249071
ko03020: RNA polymerase	70.2679428982	370.5061463257	83.4539682161	75.7711692333	317.1792387289	364.1277450591	262.7028200490	122.4864839996	133.3278956424	178.1554633511	344.3743773651	263.7930668296	242.7377825513	320.6281174253	221.8375144810	217.7547562392	249.8095430781	216.8567003489	337.8641042566	44.1301900061	362.2312210041	149.8179573115	667.4123835952	361.9607812153	296.0958672040	240.8057459429	180.3379009152	220.8210853550	368.3825656941	167.8680195456	369.3790277098	283.7213220379	342.3948653775	211.3003145691	276.1661249812	189.7240625096	294.0476568464	387.2969862267	177.0899728721	485.9271237154	132.9389420531	179.7222201224	211.3669331269	229.9107234493	149.6326614893	409.3944796784	255.5128336551	164.6949293997	228.4184913505	328.5434289101	118.5697903643	150.0259574409	128.5349384390	347.9354379844	151.2157644400	362.1053176360	509.0751978305	583.6148679034	416.1983491478	73.9059083207	369.5038774910	399.1517100581	179.7361486325	468.2586218456	483.9389985992	208.6284177784	52.3565255293	182.2002624998	166.1068098623	410.6168652902	319.8450417385	479.7659678089	374.1752152458
ko03022: Basal transcription factors	0	0	0	0	0	0	0	0	0	17.0605759767	0	0	0	0	0	0	0	0	0	0	0	0	0	0	0	17.4975488708	0	0	0	2.7035581316	0	0	0	10.1709252977	0	0	0	0	0	0	0	0	1.2935873504	0	0	0	0	0	16.5585704642	0	0	0	0	0	12.1126048437	0	0	0	0	0.3255208333	0	0	0	0	0	0	0	6.6355855351	0.2922055467	15.9785964264	0	35.0559520393	0
ko03030: DNA replication	194.3988063952	934.0092713677	252.2774024259	149.3255441919	659.3540048709	608.4946151393	756.1137196803	246.2329389616	257.1524859774	568.7618454133	504.1921229582	438.4927298676	502.7010988063	388.2894959535	414.0497797008	558.6952315578	665.4209013024	395.3591786593	532.2697036832	133.7776768325	538.5657415693	289.7255087455	789.1363663639	584.4485251449	420.4714805183	603.8806763367	227.8969285438	410.3145461796	667.3159164447	183.6740532261	982.9360508121	541.7205229771	755.5834594503	419.4080874302	615.0745364399	430.0139164429	782.4466809515	1043.7405530088	461.6840017183	1067.0775912477	294.2594880622	432.7162422312	264.6880681398	548.5811045293	239.2558223017	699.7210543994	695.0285073874	447.9042602844	508.0132351755	588.8169141222	335.1124408884	390.3240905118	243.1281911945	514.9860495085	254.8153754770	952.0087257293	1066.3035501389	1664.9517546281	1047.9596771874	129.7253797370	723.5109462855	463.4591520105	266.3506033887	477.7834666350	624.4093575153	462.0925411057	107.9084817997	387.7555736198	196.2971548885	868.1161266274	573.2144115209	1048.3578123799	492.2256376226
ko03040: Spliceosome	0	0	0	0	0	0	0	0	0	0	0	0	0	0	0	0	0	0	0	0	0	0	0	0	0	0	0	0	0	0	0	0	0.1621917903	0	0	0	0	0	0	0	0	0	0	0	0	0	0	0	0	0	0	0	0	0	0	0	0	0	0	0	0	0	0	0	0	0	0	0	0	0	0	0	0
ko03050: Proteasome	0	3.7991981613	1.2420605861	0	1.2953347884	6.4145988541	0.1926612745	6.1494450393	2.1029613863	12.8712471403	2.6243110474	9.9686097985	0.2850577509	0	0	0	6.3884860146	1.2036346177	0.1949340109	1.1122455890	4.0210033296	0	0.4760904263	2.2387219074	0	24.3388211661	1.4674386916	0	0.7800892490	3.5598939574	0.8732559767	0.9383223174	0	8.0967267339	6.2645189974	5.0615110772	0	1.7578339305	0	1.0605990765	0	1.5686454597	0.7188197381	2.1867716269	0.5645567426	0	1.8881039573	0.1670158864	21.7188368011	0.6677150913	0	0	0.2731036691	0	8.3482980416	2.2477237031	3.6338973301	3.1696599556	0.3450084482	0	0.2858241680	0.5194229495	0.7588915514	0	1.3290609822	0	0.2386383967	6.3024741098	1.7157300215	13.7378627947	4.2501438005	38.8230938133	4.8259241799
ko03060: Protein export	220.3143708498	1298.2990702423	242.5801471841	165.1221983161	648.5804587358	758.3082445225	694.5208291462	352.2439285281	309.8021584417	574.7148764997	711.7962220316	500.6495651479	593.7607556947	546.0880131392	525.1983950193	495.7666707347	614.9373650063	477.8291503871	651.6706345619	206.0404243666	596.8106129893	320.0214178031	939.9740003806	736.1984962975	538.1797347700	656.7911025205	343.1473786794	404.6726285535	719.5894528032	295.4475910291	1068.2721439450	788.0647886661	927.9748230799	492.4272131954	679.5711275657	440.4915099223	788.5938703633	1044.4299145412	464.6893006862	1131.6807428340	352.3585552653	495.6736076275	404.8879664509	632.3940183969	319.0366465042	734.3288817244	825.0436683305	476.1294044650	708.2252706433	691.1118954421	396.2355368386	509.2736719277	354.7429054755	614.8835302779	318.7992136495	946.3045375992	1056.9820058222	1658.6099371537	962.8262066424	188.0906351628	870.9758801081	738.8577558597	374.2906821589	704.5512564609	896.8402929054	561.2099420079	140.3522771157	494.7272047189	309.6835552389	975.7078673936	715.1486641831	1061.7095447957	741.6639077396
ko03070: Bacterial secretion system	170.4374535634	1106.4225431790	166.3397519281	113.6631931640	411.1791751911	505.1476819662	436.6136573319	247.9917642823	220.5810969169	398.3385220279	475.0718476963	339.2651811643	416.0463056385	358.6595225043	338.7620917494	351.6762623010	406.9191847043	329.4580802449	406.0785076567	132.2606581724	398.9040022743	213.9071663694	592.2111022654	512.2543131039	324.2733955303	537.4291042095	235.3889980896	277.7325344990	516.9754782608	206.9483601446	738.9676700093	533.1834589488	558.5168580416	353.4170959613	445.2904462922	306.7055492803	513.9002583627	653.7654718214	322.6682428935	700.2512252966	215.8780246417	338.0923160946	274.2147363752	391.4841725894	219.3007778679	473.6796314457	538.3774233568	339.2343682572	398.8882344716	480.2373209620	265.0484101309	461.6954960234	240.7283277014	414.6360737470	230.2751888779	590.4790326093	749.6536718693	1018.2570027424	627.3590820624	115.1252234565	617.1698619171	488.8415888945	262.1830214701	467.5255901683	553.4309055860	407.6888489179	96.8151518752	310.3623339060	215.9626444491	639.8804216059	449.1140401263	678.4146767390	523.2496684970
ko03240: Viral replication	0	0	0	0	0	0	0	0	0	0	0	0	0	0	0	0	0	0	0	0	0	0	0	0	0	0	0	0	0	0	0	0	0	0	0	0	0	0	0	0	0	0	0	0	0	0	0	0	0	0	0	0	0	0	0	0	0	16.0750504081	0	0	0	0	0	0	0	0	0	0	0	0	0	0	0
ko03258: Virion - Bacteriophage lambda	0	0	0	0	0	3.9388830868	0	0	0	0	0	0	0	0.0361670716	0	0.0544329578	0	0	0	0	0	0	0.0889098251	0.5449649219	1.2000051394	0	0	0	0	0	0	0	0	0.0362199599	0	0	0	0	0	0.5774530834	0	0	0	0	2.6712270211	0	0	0.2370406419	0	0	0	0.6224023974	0	0	0.9958278479	0	0	0	0	1.0965376360	30.6879062273	0	0	0	0	0	0	0	0	1.4989515637	0	0.8121442982	0
ko03259: Virion - Bacteriophages T4 and T7	0	0	0	0	0	0	0	0	0	0	0	0	0	0	0	0	0	0	0	0	0	0	0	0	0	0	0	0	0	0	0	0	0	0	0	0	0	0	0	0	0	0	0	0	0	0	0	0	0	0	0	0	0	0	0	0	0	30.1421829208	0	0	0	0	0	0	0	0	0	0	0	0	0	0	0
ko03272: Virion - Hepatitis viruses	27.0267543999	80.0976375309	22.8211852290	18.1950922756	80.5270933410	22.5016197160	107.2769714465	4.2956688994	14.7616998631	24.1982693739	57.8098500858	32.3631775623	11.2562519724	48.6116096266	31.9649998165	59.6563068188	62.9195750746	42.4422607390	88.1320973047	10.1773200727	73.5025218332	30.7149724320	84.2430560617	39.8871540442	14.3790402573	22.3104806673	11.8129917696	64.5357152496	90.4909917439	8.3408799915	133.3417775177	37.8807588130	118.6880743293	37.3731683883	39.0767316431	63.4752022485	141.7521112413	95.0820760099	47.1468537610	149.6124627171	17.5688410467	46.1720271368	22.8068774714	20.2367652095	3.0846100442	71.1591471377	42.0446326237	15.3036594731	15.9408324773	62.2088303133	20.7856598490	10.4354695995	15.2012420542	31.0658501171	5.4503106791	125.0305275799	147.9907914978	182.4069193269	102.1716548500	12.1675106448	69.6108072600	29.2028390703	34.8938052975	46.1319369438	38.2704309020	14.6515354505	8.5357177829	16.5032164695	12.4645114134	114.4314706608	19.7048793662	76.1989667823	30.4856693015
ko03410: Base excision repair	106.7018091053	631.8562962713	140.4501293417	75.9802926372	392.8794957080	364.3516063344	430.8230829763	132.9565067652	138.8133348969	335.2929499495	261.5120792270	225.8574910574	273.1299723503	244.9219088229	259.8780940224	284.8832384325	327.4759122008	214.1676008646	322.9262899349	81.8724277789	350.3573991237	151.5369628494	624.0868276770	339.0561727930	350.3350268024	312.9671459934	141.0918237042	253.5995364141	343.4794764546	92.0449950889	610.0540804482	319.5954745207	517.1589141269	220.3953083949	323.1929870948	223.2948868316	550.5825609681	645.4612179368	267.0615118765	764.7800307372	168.4566496158	244.0593603524	165.2323541423	295.3562427722	140.1014379486	398.3499088984	372.3278274244	290.2317122653	352.6315546997	365.1359822691	177.5264168839	258.9239123474	142.5490339434	278.4354141388	135.1155326867	463.9140845462	575.2067966751	1129.2926278965	646.1755561265	77.1915697307	431.8874941777	301.4923903092	150.1968412883	235.1268757088	425.8868629651	238.7460806646	69.6193503432	262.1494341753	112.1226582853	597.0374730025	323.9318871846	644.0245086569	293.5877919023
ko03420: Nucleotide excision repair	100.6756223358	452.2129502458	128.6642369679	74.9505667994	296.8172528376	363.5128996903	340.4333993166	117.8792512968	142.2298930551	333.6554487091	232.3104453592	212.4064196244	350.5445573431	224.0408549099	233.0406622881	206.4730054662	295.4749578986	193.0001579823	287.4575921339	65.0771245013	316.1355534304	146.1797013874	506.6307811712	257.0886137705	254.3308358438	332.7176106688	166.9391832153	241.9023627054	297.3163268837	103.2918368827	459.8293610257	281.9471953957	476.2265117206	242.0431331463	350.7898132677	213.1508960209	427.4409781278	558.4478295576	229.6360204218	627.7197770471	181.0686039979	253.4712587735	149.5093993734	344.2845819422	163.7243514990	333.3014232086	311.9815209155	239.5769591613	338.8516215091	317.5415561600	162.7450444840	210.0508889960	150.8317653414	273.6149186971	143.2341852444	414.0110735429	474.4411423550	939.1816788536	436.8870291157	66.9520926862	385.0373650070	292.3859288597	146.4453149444	324.7159225971	346.1495186212	181.4271637781	64.1988681226	239.5276023247	112.7516257207	502.5638143841	337.3798762723	550.7187118570	286.3758056181
ko03430: Mismatch repair	275.4712716782	1425.9025856831	371.1497322552	200.7598578075	882.6560602652	1048.0275934091	1079.8988188362	396.3807033621	426.9938594243	903.8598525752	754.3533143700	616.7146543170	808.3381501358	616.4398243890	639.3306856338	836.5035016237	1016.7367561138	588.9815054092	777.2298008552	167.5823562284	788.0053514160	423.5258354941	962.5549506450	891.5311848063	573.1071744590	1029.8049547069	372.0780512225	583.8106788112	994.4176943689	301.1795323915	1530.2053520809	811.5614305106	1183.7101436291	614.2980140802	894.0296838214	630.6860240554	1200.8094834054	1439.3678608180	684.4373154847	1535.4951108532	456.9417666121	637.7373348879	411.6207455245	954.5350694451	383.7561711858	1011.8225891571	1337.6454909547	729.2247913879	832.4353008454	882.3985142986	563.9338829210	655.1704218369	417.9101795120	765.7319972866	408.5136312883	1412.8578581788	1656.8541095688	2302.5178165478	1535.9191341954	233.7094454377	1055.0030122513	753.2146321339	445.6145034934	802.7981521623	890.9978927600	732.4248944049	178.2471939501	658.4662051022	313.0945613797	1244.2546442993	913.5757539027	1403.0651551875	831.7258561646
ko03440: Homologous recombination	258.6316765545	1301.7813169179	347.6362101462	219.9126414725	914.4131302345	835.7247528374	948.8402180075	376.8431161054	361.7190215034	704.6204332671	673.5378822082	681.1520267080	780.2524721971	605.5373739812	662.8331537117	730.8038240759	865.6606410629	593.9938094054	763.8576469169	154.6171079745	940.4839160599	416.5778741106	1543.0662087483	870.8988402884	730.5619721712	859.8292323766	401.1777331097	671.3158705292	889.7814084916	291.5148122346	1328.9324730951	732.3846025425	1089.0304955740	536.2945526788	860.4128436152	604.6847144484	1024.7141496785	1318.8471533867	656.5690450697	1550.4525434354	419.1498824785	576.5890611354	394.5410794453	800.6395918189	309.4457265331	1056.7703439914	1001.2315443126	605.2177328989	601.3707417310	975.2607149117	428.9235242039	591.8190282782	349.2284411285	781.4502970774	359.2857755305	1176.8030165871	1525.7242475932	2127.7702055944	1376.2557416487	203.0044918218	1066.8103311362	797.7986621127	406.4994420266	735.5462247627	1016.3962822701	647.8734288027	150.6741165509	574.6423560517	308.1808183205	1255.7434738303	789.4553764706	1444.5020770994	771.4404664193
ko03450: Non-homologous end-joining	0	0	0	0	0	0	0	0	0	0	0	0	0	0	1.3882779655	1.6471313781	0	1.6622117847	0	0	0.9571291238	0	0	0	0	0	0	0	0	0	0	3.4424907178	1.1366873083	0	0	0	2.1659053199	3.1519579724	0	0	0	0	0	0	0	0	0	0	0	0	0	0	0	1.0870198998	0	0	0	0	0	0	0	0	0	0	0	0	0	0	0	0	0	0	0
ko03460: Fanconi anemia pathway	0	0	0	0	0	0	0	0	0	0	0	0	0	0	0	0	0	0	0	0	0	0	0	0	0	0	0	0	0	0	0	0	0	0	0	0	0	0	0	0	0	0	0	0	0	0	0	0	0	0	0	0	0	0	1.5571156696	0	0	0	0	0	0	0	0	0	0	0	0	0	0	0	0	0	0
ko04112: Cell cycle - Caulobacter	372.4605307278	1432.4400690304	496.6153874563	276.7957849092	1298.9439992078	987.8209026764	1488.7827148198	395.4258485903	389.4113719897	868.1662011350	974.4900196144	876.6717458067	942.2689612286	768.9757564942	813.7391889768	919.8626837594	1197.4592898099	688.5401295662	1132.7331095859	235.3468029896	1096.0494595710	546.0262494623	1881.7391576445	801.8878100762	886.1934067465	849.4132507563	491.4355888794	859.4195148640	1215.2265183938	347.9644509476	1951.2402000024	898.9046529398	1581.0288672304	783.3373777918	1167.8936323917	871.8779563223	1609.3081166668	1975.4917995629	920.6810300124	2345.5103706454	591.2760475232	771.4770951655	571.8768759963	1012.4520533537	445.8635753820	1389.3419073591	1127.5842442645	699.1406103989	714.9902103409	1222.1364662500	590.3153015138	568.5123293135	471.1021289135	1083.0722057977	359.6230120075	1814.0413111786	2066.4391271577	3428.7068710829	1702.2954634166	285.1912394280	1576.9314432119	946.8552258308	557.3743723359	1014.5383993364	1355.4118946669	597.6108920151	206.8192989940	778.2557188843	378.5530210285	1565.4650312164	859.0751377960	1516.2099952632	961.7859308724
ko04122: Sulfur relay system	154.0583494384	1304.0341680654	181.6407732011	96.9353848978	419.4281722376	314.6508895325	635.2888797118	138.4450224827	170.7255069326	386.9772188529	343.1486178546	242.9893647807	589.4546631747	301.4341662004	307.0138629917	321.6324791349	374.4485836499	226.3574731814	382.5516357628	96.4206667898	292.2513059949	226.1102895948	456.5164119761	316.7705234740	260.5653529776	353.6840522250	218.7182447235	272.7495322663	471.3555748050	118.6499713066	730.1459961613	709.6753886849	804.5507562531	333.9829489055	488.5514623455	278.1804140611	655.8531294559	671.1472260196	363.2045022570	847.9612873315	315.2171033538	316.7906408009	309.5037367150	711.3179780533	193.4929616864	549.5359393893	490.8032302738	404.2671962283	333.1212614279	425.7041620068	294.8042985737	407.3196511159	207.0383437181	444.5639579918	146.2408226331	641.7571565175	747.3671831151	1244.4884311767	677.4069831668	138.6674100259	791.6896056572	286.3879596468	238.1843410821	512.0089721265	478.9912846025	257.2999055630	79.6958425853	466.0287663812	150.7457929569	632.2586709364	433.6075876668	453.6822872571	362.2939978209
ko04137: Mitophagy - animal	2.8053487765	20.8882069328	5.6883241254	4.3461059225	13.5579791622	5.9965982042	17.5546324273	3.8322918897	2.5616211692	15.2766101487	12.4024271787	6.0928028581	2.5477504420	9.8264228997	3.5353861931	13.8612820603	14.7612304231	10.8135624931	12.0506227546	2.6567439410	8.3158855440	5.8793506111	17.2529714666	11.7672168828	2.3572084002	8.2202747167	4.4762879489	9.0634492659	14.3744359199	3.3093154978	13.5246608905	6.8912754833	4.8269868207	9.2001124035	9.1215191646	10.9053792652	31.3558992104	18.3164603376	11.6620014590	28.5459715236	5.1472403792	14.2691614217	4.6178749881	4.7040871100	0.6182808995	20.2013374491	4.6775111642	10.7509642519	10.1864037525	9.0512083717	4.5984095285	2.9141919834	3.0239109593	11.4372947067	6.0437309680	31.0487186024	25.4712934784	32.3851658826	17.8514189317	0.7928896186	10.0803529820	4.3883127540	5.2381637974	9.5831909774	11.1685429991	5.9804261386	2.2343947387	7.6833511843	4.3036115334	21.2289178819	8.2527126813	16.5323020138	8.0200600592
ko04138: Autophagy - yeast	0.1766288688	10.3755296308	2.9770798249	0.7783878131	2.9492937748	6.4652757901	7.4901637581	5.1284172269	4.1933040146	5.5248088591	3.0242175708	10.5008278613	21.7411906709	2.7114640592	2.1564737252	0.6560338900	6.6395507058	2.3041205178	1.8579081476	1.8222503901	4.5346266944	0.7860316450	0.2936166966	6.3277223840	1.6238829570	16.3979517968	4.8756691518	1.3578232705	2.1239816229	2.3647383667	10.0885917498	0.9960545868	7.2127023915	3.8009023696	5.4655698685	4.6553706025	0	2.3127146259	6.5955915120	0.8654683647	1.6110064574	5.4502082325	3.2609540097	25.2434798634	2.9690788994	3.0538143029	5.5600968839	1.3974119786	12.4410379579	3.1288975454	2.3145176191	0.8948114554	4.0242483399	0.6214587599	4.0286520916	4.6698582216	12.9436193937	4.6416930858	3.8692963978	1.3113547098	1.3153813377	3.0986251303	4.4080342208	4.4579157962	5.0687400697	5.0795146268	0.2198290645	3.9548801432	2.5935498563	7.1421961159	0.8805800515	24.3474412223	6.6561631633
ko04141: Protein processing in endoplasmic reticulum	9.8778076842	34.9044499502	11.4619122859	6.9118884673	41.1692552710	9.8948661387	48.4509930721	5.8243448383	5.0543064126	21.0690212958	28.0115708476	15.7156517068	6.6408793561	24.1817709031	14.7252496483	33.7845604002	37.7422765084	18.7279943791	40.8965095191	3.1164763350	24.2251636883	18.6218210714	40.3443540104	19.9448925911	6.5492615603	9.1728987208	7.3659234593	21.8916809669	42.8745577450	5.5828818304	70.9086559788	20.8539726080	46.1176845036	10.5352076081	22.3493720763	24.1489690708	63.5787710151	54.5229253242	22.5755139767	58.8275334067	9.3922823941	24.0537420945	10.7829512056	9.2604767023	0	38.6737739473	15.9054273188	7.4460922707	11.4913652413	28.4193212644	11.8659817812	4.3992727899	7.3517352820	16.3454587522	7.5814688206	65.9967097648	64.4246807795	90.3686934926	56.3622371451	7.3159851812	33.9757007095	11.0568137541	13.6795943460	25.0795154043	20.7444633364	8.4380078753	3.3500684576	9.2033361912	7.4370769599	46.3318210467	17.2335582088	17.4447924016	11.4702171081
ko04144: Endocytosis	0	0	0	0	0	0	0	0	0	0	0	0	0	0.1207106842	0	0	0	0	0	0	0	0	0	0	0	0	0	0	0	0	0	0	0	0	0	0	0	0	0	0	0	0	0	0	0	0	0	0	0	0	0	0	0	0	0	0	0	0.1155033049	0	0	0	0	0	0	0	0	0	0	0	0	0	0	0
ko04152: AMPK signaling pathway	0	0	0	0	0	0	0	0	0	54.3980083903	0	0	0	0	0	0	0	0	0	0	0	0	0	0	0	28.8509393834	0	0	0	56.4723158440	0	0	0	54.7137716598	0	0	0	0	0	0	0	0	0	0	0	0	0	0	46.3823917091	0	0	0	37.0715949890	0	27.2403044935	0	0	0	0	0	0	0	0	0	0	0	0	43.8310655287	0	110.4687928899	0	70.2619361890	0
ko04210: Apoptosis	0.2479756676	9.0187086925	0.9762618086	0.8758135060	0.9564053887	2.8137144717	3.0587613344	0.2520304854	0.5292314475	2.5374462687	2.6026166451	1.3995489677	0.9088689068	3.5403231909	0.2847333202	3.0507568734	1.2699438294	2.9623629501	3.0076147083	0	11.7141035642	2.4926516466	0	3.5407597429	1.4048451790	2.3243766870	1.1388786804	2.0783033971	4.9161724765	1.3949699658	7.2260248774	3.1960647310	0.8449221934	2.9198674258	0.1900478843	3.4565871719	9.3981271632	2.6816977923	3.1717452961	1.8754062528	0.7257902105	3.8136142296	0.2193951684	0.6785274273	0.1793810127	2.7988633673	1.8635236731	0.9123399404	3.0521204406	3.1515876594	0.7955871556	0.9806290962	1.1295617951	0.8615472985	2.0431422136	7.7637170488	1.2519987699	13.4955237665	1.4363028052	0.3750884928	3.6747026138	4.4375521706	0.7981791950	3.0828941043	2.0190867033	1.0440216607	1.0502506871	2.0274805088	1.4672537483	10.7780090955	3.5094679414	4.7537193537	1.9739024661
ko04212: Longevity regulating pathway - worm	0	0	0	0	0	0	0	0	0	0	0	0	294.7367598804	0	0	0	0	0	0	0	0	0	0	0	0	0	0	0	0	0	0	0	0	0	0	0	0	0	0	0	0	0	0	0	0	0	0	0	0	0	0	0	0	0	0	0	0	0	0	0	0	0	0	0	0	0	0	0	0	0	0	0	0
ko04213: Longevity regulating pathway - multiple species	37.5417625483	187.4611834393	46.8156839841	28.3307223346	158.0341986192	87.2412289510	150.9826831244	24.7155112942	34.8663494326	80.3352438757	83.4269503272	111.7449266229	58.7605036927	94.8638229337	104.0668571700	113.9747084567	134.0422428237	83.4637495945	160.1105782727	17.8857811327	171.2494710551	78.3449077797	285.2215225304	121.4411318607	112.1150891076	81.2104307485	41.6050204115	128.4799810777	145.0762127134	22.2685523601	222.2724051474	132.2898058996	195.2338787906	86.5437977266	125.6799820077	96.3960925709	212.1555769361	206.4917149720	98.5212636033	306.5323487233	44.6389073267	101.4253807802	47.8501786990	50.8943884797	16.1007734189	187.5697728971	158.4359518049	67.7933552310	94.4519600157	156.5935336378	57.1767526792	43.8845604147	42.2489830537	98.9372435252	22.1724018091	183.0501483495	256.9249719891	333.3406570258	251.6265505744	31.1304638541	152.0573197058	128.0448551678	67.1713306141	84.2344154356	140.5265763356	71.2642448615	19.9279669711	70.4966123393	30.8595996337	238.9627618971	73.9718101643	136.4458892905	99.3220241630
ko04214: Apoptosis - fly	11.8567127158	59.9836190721	17.2058543824	10.6605558181	44.2725335331	28.2313560411	59.1048797272	2.7075473455	8.1866077581	14.7984529674	29.6946399046	13.7042317119	10.8290430600	29.3528785607	16.0791524484	33.6588181170	43.2468402033	21.3522948121	33.3412078647	6.8983748395	24.6704434632	17.4977310775	54.4980592125	21.4453302674	27.1954638470	10.2470134114	8.1097326088	20.1387816156	52.3512601339	5.6950606402	103.1378309220	34.5638235496	60.8587575072	11.4574784438	20.5265607613	24.4059444273	83.3445553513	76.6814462839	26.5652872352	88.6647849815	13.3801611479	25.2444500461	10.6526877400	17.0316915311	3.5509375160	46.1317684474	21.7792669360	14.7342589645	38.0652351484	30.8136558555	13.6924916055	13.8568830792	6.7072090302	18.7084597724	6.8656303762	66.5871780931	59.1376700777	160.8830344206	52.6203993145	13.4536761126	51.9712371561	13.2715428659	13.7604469478	24.4207159501	35.0884736294	12.8362456100	5.3175385799	11.5722606676	9.8460198052	44.4076106575	19.5708877216	23.0967237280	22.6463225248
ko04613: Neutrophil extracellular trap formation	0	0	0.0770844664	0	0	0	0	0	0	0	0	0	0	0	0	0	0	0	0	0	0	0	0	0	0	0	0	0	0	0	0	0	0	0	0	0	0	0	0	0	0	0	0	0.0253678336	0	0	0	0	0	0	0	0	0	0	0	0	0	0	0	0	0	0	0	0	0	0	0	0	0	0	0	0	0
ko04614: Renin-angiotensin system	0	14.0525868077	1.3382789114	1.6044381276	2.3417163330	7.5789429511	0	0.9812405976	0.9381788083	0	2.5291508296	1.7640104344	0	8.5882957757	0	0	0.9957754881	0	1.0711272823	0	0	2.4977119104	0	10.3048704696	1.7116441340	0	3.5213075766	3.1363640631	0	1.7412995154	0	0	0	0.8486522858	0	0	0	0	1.8085831043	0	0	16.6935966281	0.8740529808	0	0	6.4469617714	5.7651854638	1.3405126683	3.4167030336	9.0424945496	1.2494694102	0	2.0586619899	0	2.5443316805	0	0	0	5.3798115734	0	0	1.8758745039	2.7214359113	0	5.2241460864	3.3418649079	2.9893232059	2.3873381672	3.2408559577	23.2022280311	9.1276803972	2.2148526811	8.5029221494
ko04621: NOD-like receptor signaling pathway	21.7196323619	76.6553505462	29.3408562392	13.1418423925	72.1943542912	0	101.9720178699	24.0961903512	19.1446412166	56.6125310454	61.1296621301	42.7014195465	53.4042833338	46.4026697803	48.9186346660	59.2080617993	73.6329289888	40.8059554006	65.9260241317	12.8255584833	41.8376284507	33.0362073731	74.5626583598	41.4432114463	32.0259105648	35.1891513400	22.9896675732	40.2918148705	81.3405321083	19.9782771807	109.7161473725	38.9143793350	105.3637975086	39.5572348340	71.6149689738	51.2395179368	0	127.7003430143	52.2622418505	0	31.3742674476	44.8013190652	39.2230651627	67.0212166950	0	76.4588836494	80.4972642360	0	55.0312700010	59.3912534888	45.5271676084	26.0593865057	32.9785641645	65.2387653333	21.0860855281	108.4693036304	119.4852491232	187.3817437465	109.7236658820	17.1170342816	92.7391770802	41.4560659466	33.9993004169	50.7606035587	54.9206798178	34.6604418633	11.0324168725	45.7397536630	16.7113036347	75.7078925846	54.9934103088	42.5519120844	48.7895520914
ko04626: Plant-pathogen interaction	42.0259704130	178.7857766372	49.0045227584	55.5794283544	148.3563327853	108.0596780806	132.4465555344	57.1513398379	59.4829965500	137.4247078105	148.6515992744	126.6720124117	136.8477340072	117.6075886942	133.2581643413	102.0313271527	127.3825614155	79.4781229075	136.0535551138	22.1879144223	139.5060117965	73.2661212573	268.6193701426	107.0117032931	117.8450246454	98.4594040197	81.6064518355	95.3778324376	147.5243803790	88.4744590924	188.3454555858	106.6358179551	201.3436776234	103.7275981378	142.4976468634	88.0646336851	168.9185709188	226.8581229791	115.8958310412	249.4627826948	83.5351596687	70.3889753269	138.3292913735	144.1988780158	52.8026461927	218.6168191497	135.2115221396	74.6886845269	92.3559452480	151.4825526108	93.8090094932	90.8710123436	74.7101902144	171.4013451407	79.8995381839	182.3834073796	234.1625684186	353.0353187359	189.1592559137	30.7794993481	252.6537372142	149.6300983783	82.3591203532	187.8224789001	180.8153376066	74.5257758065	31.2810817452	93.7222936970	69.0441038567	171.9237660650	130.7481233328	131.0367546638	142.7444318257
ko04910: Insulin signaling pathway	10.3965556678	35.9730088727	15.3841104854	6.3134723004	30.9591874497	27.9323832100	52.1534079538	23.5151949043	7.9836087545	90.7518175519	28.2517199783	18.5739062393	18.8981973665	19.4963768090	28.4413463823	32.1765153972	33.5094241585	17.2845676601	20.1624640190	9.7814247335	20.2807281358	16.0564763370	27.0928734171	24.8181077653	6.0726853497	15.9949139784	21.2692656769	16.4656346274	28.5549683762	17.6362300119	49.8034586811	15.1853700650	38.0324021264	35.2624035823	50.3456809499	25.9875185848	28.9320455808	48.8585224207	21.9791474783	55.9356840210	29.8248090969	18.3357652063	24.9933615138	34.2301610596	8.6543516515	46.0990424609	43.2022983220	28.7714355553	33.6931086311	36.8189161779	20.2055293898	8.9630726428	17.1102273140	44.5245327446	24.1046880590	63.8181531263	63.5101760841	78.0827215083	44.3959679269	10.2479953970	63.6338317823	18.4336591112	12.1738614004	43.8938953984	19.1173572800	10.4002980443	3.8419115549	26.6067673509	9.4573135877	41.4281519808	52.4866106553	37.4453377767	27.1359759253
ko04978: Mineral absorption	0	0	0	0	0	22.2811472528	0	0	0	0	0	0	0	0	0	0	0	0	0	0	0	0	0	0	0	0	0	0	0	0	0	0	0	0	0	0	0	0	0	0	0	0	0	0	0	0	0	0	52.7964486875	0	0	0	0	0	0	0	0	0	0	0	0	0	0	0	0	0	0	0	0	0	0	0	0
ko04980: Cobalamin transport and metabolism	85.5540061303	535.2980586375	121.1527736534	64.4969827255	356.9555265615	156.5511927626	512.8180232136	74.8159431712	66.5062698969	160.9958303956	279.5809769638	147.8697307911	111.3735824782	220.7168746307	177.5701912014	274.9767177933	292.2589959978	210.0474609818	285.3406789127	48.7360887427	249.6882421722	168.8916845659	279.2941910924	222.9093733804	139.9901864598	114.6823974011	94.0336521250	161.8946371558	356.4739156488	56.1594095608	609.7363907606	286.5210791137	325.9193111622	117.7893066977	290.1401506001	227.0517063881	372.3981030422	427.2389730198	211.4400528506	524.4213199710	118.1616405242	285.4380478576	134.8694090061	166.2781046190	27.0611396746	387.8512560876	182.2396691830	110.2692071271	171.2397132595	266.2040239372	146.5661914204	140.9090692021	62.2490294289	170.5986200787	62.0620669472	623.0735773952	520.1375680360	916.5461004201	521.0511982695	58.9548449946	272.7575521101	136.6595814508	158.2291568678	261.3776655066	241.4957043735	124.2866240128	48.0897827575	153.8366792983	87.6953743752	415.4752965863	257.8255141986	194.5941883262	156.7319547382
ko05017: Spinocerebellar ataxia	0	0	0	0	0	0	5.7614714649	0	0	0	0	0	0	0.1854435408	0	0	0	0	0	0	0	0	0	0	0	3.4778143464	0	0	5.7557914870	0	25.9377523001	0	0	0	0	0	1.5515966285	0	0	0	0	0.1507608810	0	0	0	0	3.3300001038	1.0336490890	0	0	0	0	0	0	0	0	0	11.6744420181	0	0	0	0	1.2691874531	0	0	1.7663906370	0	0	0	0	0	0	0
ko05100: Bacterial invasion of epithelial cells	0	0.9600828635	0	0	0	0.1409632876	0	0	0	1.2158468972	0	0	0	0.7732184628	0	0.0946912414	0	0.0776956871	0	0	0	0	0.0847142069	0.1332485185	0	0	0.0410550623	0	0	0.0422321375	0	0	0.2304148905	0.0975094056	0	0	0.3922937584	0.1515972317	0	0.4518028417	0	0	0	0	1.3811019743	0.2490307635	0	0.6735570956	0.3412171145	0	0.4179871779	1.5880665785	0	0	0	0	0	0.0689315605	0	0.3299462201	1.4442951304	0	0	0	0	0	0.2584902291	0	0.1881910115	0.2342512225	0	0	0
ko05111: Biofilm formation - Vibrio cholerae	0	497.2290736202	44.3172501796	0	0	88.6770895383	0	0	0	113.0126362925	94.5528449431	0	104.5232758108	76.7535103110	0	134.0950432993	0	85.8357894602	0	0	0	55.7813711938	139.8843226141	75.8607524056	0	67.8132028722	0	0	0	22.9558201034	0	103.3097612165	0	0	0	0	163.8688697090	212.1119991646	0	219.6744991018	0	0	0	136.1899703408	61.5978729716	135.1508146625	0	136.6052155905	0	0	0	151.9881730154	0	0	41.6039537664	0	0	336.9039582190	185.9025729337	41.1207766748	216.5220363781	0	0	0	107.7172074646	0	0	80.3297465992	0	127.2480263178	0	122.6183095202	0
ko05120: Epithelial cell signaling in Helicobacter pylori infection	11.9598282922	60.4414310194	19.1951701025	8.6212063526	40.0956527892	39.8291359587	48.2296172641	21.0929223502	13.7801255785	39.6523007211	37.2472534902	30.1281256719	38.1943570673	36.0908766366	45.2522077325	35.3872520923	37.7280893965	18.4148530618	25.8589580011	7.4190507729	22.1838037935	21.1724392967	42.5953206710	22.4899998463	28.2753740637	13.8012342219	20.6877351430	15.2263821347	33.9518532987	17.8370027030	46.8951452301	26.5503409668	49.4532927862	29.9642747399	50.4673482497	18.6221715958	46.2312610573	64.5706736884	23.7844525905	78.6355645632	26.8451002541	27.8320732133	35.3703483087	48.4599927768	20.6556235291	51.2172774833	51.9949027280	29.9508665933	42.4730071705	39.4411074161	28.2512148843	21.1587668973	27.2443939480	45.7539758479	18.9505375528	59.2822565010	54.3274574100	128.5849100535	56.0659781223	8.8909946233	51.2922016577	33.4421136424	20.3828618384	21.5058350395	46.2724966461	15.2101503075	8.0544807702	47.2584405832	16.5101605247	43.9759861358	46.4833521569	31.8147369038	44.2961862682
ko05131: Shigellosis	0	0	0	0	0	0	0	0	0	0	0	0	0	0	0	0	0	0	0	0	0	0	0	0	0	0	0	0	0	0	0	0	0	0	0	0	0	0	0	0	0	0	0	0	0	0	0	0	0	0	0	0	0	0	0	0	0	0	0	0	16.7963148250	0	0	0	0	0	0	0	0	0	0	0	0
ko05132: Salmonella infection	0	0	0	0	0	46.4409401675	0	0	0	0	0	0	0	0	0	0	0	0	0	0	0	0	0	0	0	0	0	0	0	0	0	0	0	0	0	0	89.0610516387	0	0	101.3008129027	0	0	0	0	21.5562597672	0	0	33.9314641958	0	0	0	0	0	0	0	0	0	0	0	0	0	0	0	0	0	0	0	0	0	0	0	0	0
ko05133: Pertussis	0	84.4867939629	0	0	0	0	0	0	0	0	0	0	0	0	0	0	0	0	0	0	0	0	0	0	0	0	0	0	0	0	0	0	0	0	0	0	0	0	0	0	0	0	0	0	0	0	0	0	0	0	0	0	0	0	0	0	0	0	0	0	0	0	0	0	0	0	0	0	0	0	0	0	0
ko05134: Legionellosis	65.3294987475	238.6409796680	81.9112226990	60.7800323872	219.6529438932	185.4520160957	181.4243323574	120.5566717452	84.2323920623	132.7495350417	254.1265183490	215.8956875761	210.1011791345	193.7433016207	197.4818266838	144.8773321138	185.6376163668	158.6030772978	218.9059621282	25.7558324873	257.6887493777	120.8756276141	384.4779083180	276.5643050504	221.5777815645	219.3319976943	158.1187697257	157.7978112032	243.6353282191	125.2598482579	287.5007542421	162.5906931916	251.1920281022	156.0102762274	218.4811433768	150.7534825232	185.6633489350	277.4444678828	181.7752241488	348.0250404239	130.1656466473	135.3360845076	165.0741961950	224.3558034129	82.1147380888	261.1291985550	218.4995738422	118.6097618169	154.7031085745	252.4503174518	96.2576012596	112.1076125177	109.8616112405	256.7213928033	126.9388593918	272.2138549137	371.3191837379	405.1822105290	282.0160510726	41.6980415896	319.3882629245	291.1301049531	148.0875449857	333.2280611356	313.6351951652	191.6486508716	42.6540335290	155.7150629737	118.0143698112	263.3585577717	214.8335602165	271.7530123321	246.8479808820
ko05142: Chagas disease	0	3.8273592018	0	0	1.0819886735	1.8406401883	0	1.7652254918	1.3791021307	0.1642055226	1.4743264819	0.3786507259	0.3159837544	0	0	0.2371063534	4.9254432258	0.0537678063	0	0	0	0	0	0.8092371085	0	3.9119381528	0.3829002543	0	0	0.0453486124	0.2104986920	1.1643929025	0	4.3645681385	1.9478576724	0	0.0488540147	0	0	1.2849936025	0	0	0.6081479709	1.4888740395	0.3153956233	0	3.2457380194	1.0837940948	1.4124873417	1.1180093108	0	0.8933269944	1.4130340682	0	0	0.2545374547	0	0.0379532481	0.0553120899	0.4759207316	2.7258773787	0.4336880775	0	0	0	0	0	0.1464017298	0	0.6579219836	0	1.0243438863	2.0442315718
ko05146: Amoebiasis	0	0	2.1496678949	0.8414081009	0	9.4212672355	5.7164964750	0	0	25.8879741072	3.1523682720	1.6115386634	10.8204833716	6.8446598278	0.7056421726	3.5213896935	0	8.4257853313	2.3762376172	0	1.8829279213	1.1850826874	0.7976313950	3.6977753008	2.6901381992	9.0971873361	1.4587564932	2.8030454651	3.8061046142	2.2853724973	4.3609723133	25.6147459273	12.1855370283	0	2.4516122675	0.6867015574	0.4626954581	3.6948637114	0	2.8065704961	4.0554475004	1.4338667593	4.9774494180	12.1602385002	0	6.3659996176	4.9228170511	6.6427731023	0	1.5450003859	4.1181744342	3.6064469095	2.4561818440	5.1192704419	7.9793896359	1.5002564675	0.8882619067	4.3977011449	5.8765833258	0	6.7820538530	6.3334951321	2.1341973766	1.0670575300	3.9428121535	3.5631817269	1.4789752888	9.5817331038	0	5.2276395540	18.7314913179	13.1460960118	4.6068813488
ko05150: Staphylococcus aureus infection	0	0	0	0	0.4811451368	53.9732522356	0	0	7.8134555443	0	2.3259260751	0	0	12.8513837452	0	0	0	2.7783288461	0	0	0	0	0	0	0.8825023681	0	0.4913293574	0	0	0	0	0	12.2222981031	0	1.9658036954	0	0	0	0	0	0	0	0	6.5370910314	18.7668527576	13.8121939577	0	1.6764029700	54.6281187428	0	0	5.5672242581	0	0.3729017495	2.5092890955	0	0	3.7905121634	0	2.9141899543	10.1779200409	11.6817995955	0	2.7666698712	0	0	5.7778348214	0	5.7413471357	7.2948754124	2.6592895801	32.3537878592	5.5966895264
ko05160: Hepatitis C	0	0	0	0	0	0	0	0	0	0	0	0	0	0	0	0	0	0	0	0	0	0	0	0	0	0	0	0	0	0	0	0	0	0	0	0	0	0	0	0	0	0	0	0	0	0	0	0	0	0	0.2409671418	0	0	0	1.3604514377	0	0	0	0	0	0	0	0	0	0	0	0	0	0	0	0	3.6452181141	0
ko05208: Chemical carcinogenesis - reactive oxygen species	0	0	0	0	0	0	0	0	0	8.2663623970	0	0	0	0	0	0	0	0	0	0	0	0	0	0	0	0	0	0	0	0	0	0	36.9485517189	0	0	0	0	0	0	0	0	0	0	0	0	0	0	0	0	0	0	0	0	0	0	0	0	0	0	0	0	19.4944489900	0	0	0	0	0	0	0	41.0124755231	0	0	11.2837566783
